state,district,crop,latitude,longitude,n,p,k,ph,soil_fertility
maharashtra,"ahilya nagar, maharashtra, india",sugarcane,19.0948287,74.7479789,1.0361,2.6913,2.2111,7.0752,1.9795
maharashtra,"akola, maharashtra, india",cotton,20.7002159,77.0081678,1.0038,2.658,2.8295,7.0876,2.1637666666666666
maharashtra,"amravati, maharashtra, india",cotton,20.9319821,77.7523039,1.0107000000000002,1.4770999999999999,2.6801,6.771400000000001,1.7226333333333332
maharashtra,"chhatrapati sambhaji nagar, maharashtra, india",cotton,19.875754,75.3393195,1.0197999999999998,2.5394,2.7132,7.1903999999999995,2.0907999999999998
maharashtra,"beed, maharashtra 431122, india",cotton,18.990088,75.7531324,1.4096000000000002,2.028,2.4846,7.190799999999999,1.9740666666666666
maharashtra,"bhandara, maharashtra, india",rice,21.177658,79.6570127,1.0547,1.4143000000000001,2.6683999999999997,6.874499999999999,1.7124666666666666
maharashtra,"buldhana, maharashtra 443001, india",cotton,20.5292147,76.1841701,1.0209000000000001,1.6071,2.9511000000000007,7.0116,1.8597000000000001
maharashtra,"chandrapur, maharashtra, india",rice,19.9615398,79.2961468,1.0922999999999998,1.9248000000000003,2.1955,7.0034,1.7375333333333334
maharashtra,"dhule, maharashtra, india",cotton,20.9042201,74.7748979,1.0159,2.0675,2.9739999999999998,7.0015,2.019133333333333
maharashtra,"gadchiroli, maharashtra 442605, india",rice,20.184871,79.9947956,1.0078,1.7049,1.9515,6.947,1.5547333333333333
maharashtra,"gondia, maharashtra, india",rice,21.4549477,80.1960712,1.0765,2.0844,2.085,6.9990000000000006,1.7486333333333333
maharashtra,"hingoli, maharashtra 431513, india",cotton,19.7114963,77.1453846,1.5413,1.8302,2.7188999999999997,6.999799999999999,2.030133333333333
maharashtra,"jalgaon, maharashtra, india",cotton,21.0076578,75.5626039,1.0624,2.1477,2.9242999999999997,7.0245999999999995,2.0448
maharashtra,"jalna, maharashtra, india",cotton,19.8346659,75.8816345,1.0517999999999998,1.8467999999999998,2.95,7.038400000000001,1.9495333333333331
maharashtra,"kolhapur, maharashtra, india",sugarcane,16.7049873,74.2432527,1.5157999999999998,2.9604999999999997,2.4439000000000006,6.316599999999999,2.3067333333333333
maharashtra,"latur, maharashtra, india",soybean,18.4087934,76.5603828,1.0045,1.6732,2.9956,7.0024,1.8910999999999998
maharashtra,"nagpur, maharashtra, india",cotton,21.1458004,79.0881546,1.0390000000000001,1.837,2.9016,7.0592,1.9258666666666668
maharashtra,"nanded, maharashtra, india",cotton,19.1485289,77.3191471,1.0156,1.8205,2.9652000000000003,7.0005999999999995,1.9337666666666669
maharashtra,"nandurbar, maharashtra 425412, india",cotton,21.3700906,74.240336,1.2389999999999999,2.0098,2.0532999999999997,7.002000000000001,1.7673666666666665
maharashtra,"nashik, maharashtra, india",grapes,19.9974533,73.7898023,1.2847,2.0435999999999996,2.4516,7.0844000000000005,1.9266333333333332
maharashtra,"dharashiv (osmanabad), maharashtra 413501, india",soybean,18.185332,76.0419642,1.0273999999999999,1.3405,2.7802000000000002,7.0092,1.716033333333333
maharashtra,"palghar, maharashtra 401404, india",rice,19.6967136,72.769885,1.057,2.7996999999999996,1.2367,6.8592,1.6977999999999998
maharashtra,"parbhani, maharashtra, india",cotton,19.2608384,76.774776,1.0549000000000002,1.6256,2.9955000000000003,7.0033,1.8920000000000001
maharashtra,"pune, maharashtra, india",sugarcane,18.5204303,73.8567437,1.1063999999999998,2.1544,2.6637,7.013400000000001,1.9748333333333334
maharashtra,"raigad, maharashtra, india",rice,18.2376278,73.4445392,1.9823,2.1112,2.5866000000000002,6.9644,2.2267000000000006
maharashtra,"ratnagiri, maharashtra, india",rice,16.990215,73.3120233,1.5525,2.2561,2.7059,6.922600000000001,2.1715
maharashtra,"sangli, maharashtra, india",sugarcane,16.8523973,74.5814773,1.0194,2.2429,2.5229,7.4406,1.9284
maharashtra,"satara, maharashtra, india",sugarcane,17.6804639,74.018261,1.3321,2.419,2.6568,7.0536,2.1359666666666666
maharashtra,"sindhudurg, maharashtra, india",rice,16.1668396,73.5594128,1.2334,2.0921000000000003,2.8268,5.782100000000001,2.0507666666666666
maharashtra,"solapur, maharashtra, india",jowar (sorghum),17.6599188,75.9063906,1.0101,1.5016,2.6963000000000004,7.023,1.736
maharashtra,"thane, maharashtra, india",rice,19.2183307,72.9780897,1.0753,2.405,2.3423,6.998799999999999,1.9408666666666665
maharashtra,"wardha, maharashtra, india",cotton,20.745319,78.6021946,1.2876999999999998,1.8852999999999998,2.9097999999999997,7.0038,2.0275999999999996
maharashtra,"washim, maharashtra 444505, india",cotton,20.111238,77.1303079,1.1613,1.6014000000000002,2.7494,7.0214,1.8373666666666668
maharashtra,"yavatmal, maharashtra, india",cotton,20.3899385,78.1306846,1.0209000000000001,2.5902999999999996,2.4486999999999997,7.010599999999999,2.0199666666666665
andhra pradesh,"andhra pradesh, india",paddy,15.9128998,79.7399875,1.739,2.0983,1.7056,6.956799999999999,1.8476333333333332
andhra pradesh,"anakapalle, andhra pradesh, india",paddy,17.6896435,83.0023634,1.6197,2.7939,2.3122000000000003,7.018900000000001,2.2419333333333333
andhra pradesh,"anantapur, andhra pradesh, india",groundnut,14.6824455,77.6017089,1.0587,2.7358,2.6321,7.0127999999999995,2.1422
andhra pradesh,"andhra pradesh, india",paddy,15.9128998,79.7399875,1.0452000000000001,2.2497000000000003,2.3464,7.0916,1.8804333333333334
andhra pradesh,"bapatla, andhra pradesh, india",paddy,15.9039445,80.4671375,1.1782,1.7261000000000002,2.8086,7.0336,1.9043
andhra pradesh,"chittoor, andhra pradesh, india",groundnut,13.217176,79.1003289,1.3367000000000002,2.3159000000000005,2.1231,7.0798000000000005,1.9252333333333336
andhra pradesh,"east godavari, andhra pradesh, india",paddy,17.32125,82.0407137,1.2137,1.2816999999999998,1.6247,7.000699999999999,1.3733666666666666
andhra pradesh,"eluru, andhra pradesh, india",sugarcane,16.7106604,81.0952431,1.0072,2.6053999999999995,2.1109,6.9877,1.9078333333333333
andhra pradesh,"guntur, andhra pradesh, india",chillies,16.3066525,80.4365402,1.1139000000000001,2.8942,2.7807999999999993,7.130400000000001,2.262966666666667
andhra pradesh,"kakinada, andhra pradesh, india",paddy,16.9890648,82.2474648,1.6118000000000001,2.4693,2.5684000000000005,6.924000000000001,2.2165000000000004
andhra pradesh,"krishna, andhra pradesh, india",paddy,16.6099914,80.7214417,1.7242,2.299,2.9277999999999995,7.0336,2.3169999999999997
andhra pradesh,"kurnool, andhra pradesh, india",groundnut,15.8281257,78.0372792,1.8157000000000003,2.0333,2.7605,7.165699999999999,2.2031666666666667
andhra pradesh,"nandyala, andhra pradesh, india",groundnut,15.4776876,78.487285,1.5882999999999998,2.3501000000000003,2.8536,7.396200000000001,2.264
andhra pradesh,"andhra pradesh, india",paddy,15.9128998,79.7399875,1.06,1.9894999999999998,2.473,8.173399999999999,1.8408333333333333
andhra pradesh,"andhra pradesh, india",cotton,15.9128998,79.7399875,1.4506999999999999,1.9550999999999998,2.6839000000000004,7.1236,2.0299
andhra pradesh,"parvathipuram, andhra pradesh, india",millets,18.7829598,83.4300877,1.3468,2.4507,1.9234,7.001,1.9069666666666667
andhra pradesh,"prakasam, andhra pradesh, india",tobacco,15.348463,79.560344,1.0232999999999999,2.6351000000000004,2.7986,7.389799999999999,2.1523333333333334
andhra pradesh,"srikakulam, andhra pradesh, india",paddy,18.2949165,83.8938018,1.1411,2.1222,2.7777,6.9796000000000005,2.013666666666667
andhra pradesh,"sri potti sriramulu nellore, andhra pradesh, india",paddy,14.2580848,79.9192702,1.0147,2.5912,1.8928,7.083000000000001,1.8329000000000002
andhra pradesh,"andhra pradesh, india",groundnut,15.9128998,79.7399875,1.0675,2.7409,2.5582,7.0024,2.1222
andhra pradesh,"tirupati, andhra pradesh, india",paddy,13.6287557,79.4191795,1.3186000000000002,2.3338,2.1027,6.991999999999999,1.9183666666666668
andhra pradesh,"visakhapatnam, andhra pradesh, india",paddy,17.6868159,83.2184815,1.4406999999999999,2.3537,1.6802,7.0492,1.8248666666666666
andhra pradesh,"vizianagaram, andhra pradesh, india",paddy,18.1066576,83.3955506,1.0654,2.6055,2.7788,6.999199999999999,2.1499
andhra pradesh,"west godavari, andhra pradesh, india",sugarcane,16.9174181,81.3399414,1.1037000000000001,2.2619,2.6203000000000003,6.966400000000001,1.9953
andhra pradesh,"ysr district, andhra pradesh, india",groundnut,14.5767233,78.8382644,1.0408000000000002,2.355,2.8827999999999996,7.312,2.0928666666666667
arunachal pradesh,tawang 790104,barley,27.5860574,91.8594062,2.0,2.0006,1.9998000000000002,5.181,2.0001333333333338
arunachal pradesh,west kameng,maize,27.3427633,92.302446,1.682,2.1441000000000003,1.6506999999999998,5.3033,1.8256
arunachal pradesh,east kameng,maize,27.6141916,92.8577105,2.2717,1.8901,2.5716,5.851600000000001,2.2444666666666664
arunachal pradesh,pakke kessang,maize,27.0471985,93.0175712,2.2058,1.8215000000000001,2.5410999999999997,5.6356,2.1894666666666667
arunachal pradesh,papum pare,rice,27.2240654,93.5003454,1.9957,2.0008999999999997,1.9907,6.649399999999999,1.9957666666666665
arunachal pradesh,kurung kumey,maize,28.073758,93.2583626,1.9932999999999998,1.9935,1.992,6.605800000000001,1.9929333333333332
arunachal pradesh,kra daadi,maize,28.0157633,93.7029002,1.9981,2.0003,1.9758000000000002,6.734,1.9914000000000003
arunachal pradesh,lower subansiri,rice,27.5910076,93.8248241,2.1398,2.9903999999999997,1.8364000000000003,6.5552,2.3222
arunachal pradesh,upper subansiri,maize,28.3348801,93.9878427,1.9951999999999999,1.9990999999999999,1.9923,6.626999999999999,1.9955333333333334
arunachal pradesh,west siang,paddy,28.1782689,94.5211935,1.9969,2.0002,1.9847,6.7090000000000005,1.9939333333333333
arunachal pradesh,"east siang, arunachal pradesh, india",paddy,28.0550482,95.3520876,2.7850000000000006,2.2208000000000006,1.9513000000000003,5.436599999999999,2.3190333333333335
arunachal pradesh,siang,maize,28.5006832,94.645035,2.7518000000000002,2.5174,2.0083,5.3696,2.4258333333333333
arunachal pradesh,upper siang,maize,28.8612898,94.976654,1.6673999999999998,1.7510000000000003,1.7692,6.489,1.7291999999999998
arunachal pradesh,"lower siang, arunachal pradesh, india",paddy,27.8015684,94.6037231,2.6965999999999997,2.3477000000000006,1.9172,5.2953,2.3205
arunachal pradesh,"lower dibang valley, arunachal pradesh, india",rice,28.0829633,95.8142885,1.8698000000000001,2.0193,1.3892000000000002,6.1122000000000005,1.7594333333333332
arunachal pradesh,dibang valley,millets,28.7312796,95.8987139,2.0062,2.7654,2.2592999999999996,5.9136,2.3436333333333335
arunachal pradesh,"anjaw, arunachal pradesh, india",maize,28.0359962,96.8350999,1.9365,2.4798,1.5160000000000002,6.4763,1.9774333333333332
arunachal pradesh,"lohit, arunachal pradesh, india",rice,28.0682343,96.1526985,1.7698999999999998,2.4056,1.6029000000000002,6.206999999999999,1.9261333333333333
arunachal pradesh,"namsai, arunachal pradesh 792103, india",rice,27.6666459,95.8625935,1.4692,2.3234,1.7711000000000001,6.3507,1.854566666666667
arunachal pradesh,"changlang, arunachal pradesh 792120, india",paddy,27.1355348,95.7364417,1.9194000000000002,2.157,1.7967,5.5761,1.9577000000000002
arunachal pradesh,"tirap, arunachal pradesh, india",rice,27.0185604,95.5197394,2.1691,2.0007,2.5905,5.145,2.2534333333333336
arunachal pradesh,"longding, arunachal pradesh, india",paddy,26.837169,95.3520876,2.144,2.0,2.5701,5.103,2.2380333333333335
arunachal pradesh,kamle,maize,27.7996255,94.0747664,2.0911,2.99,1.4683,5.781199999999999,2.1831333333333336
arunachal pradesh,lepa rada,maize,27.8895239,94.7691586,1.9995000000000003,2.0004999999999997,1.9938,6.6328,1.9979333333333333
arunachal pradesh,shi yomi,maize,28.6978712,94.315422,1.5201,1.7355,1.7090000000000003,5.8694,1.654866666666667
arunachal pradesh,pakke kessang,rice,27.0471985,93.0175712,2.2058,1.8215000000000001,2.5410999999999997,5.6356,2.1894666666666667
assam,"baksa, assam 781327, india",paddy,26.6829148,91.1761004,2.3636,2.8282000000000007,1.57,6.475600000000001,2.253933333333334
assam,"barpeta, assam, india",rice,26.3304209,91.0040547,2.5696,2.7447999999999997,1.7633,5.9642,2.359233333333333
assam,"biswanath charali, assam, india",rice,26.7266632,93.1478514,2.4737999999999998,2.315,1.6746,5.4776,2.1544666666666665
assam,"bongaigaon, assam, india",paddy,26.5030072,90.5535724,2.4406999999999996,2.3018,1.6175,6.6251999999999995,2.1199999999999997
assam,"cachar, assam, india",rice,24.7821253,92.8577105,2.5916,2.4076999999999997,1.9034,5.909000000000001,2.3009
assam,"charaideo, assam, india",tea,27.0372817,95.018246,2.4320999999999997,2.5420000000000003,1.5094,5.5760000000000005,2.161166666666667
assam,"chirang, assam 783390, india",paddy,26.5388578,90.6850972,2.6679999999999997,2.7236000000000002,1.7110000000000003,6.485600000000001,2.3675333333333337
assam,"darrang, assam, india",paddy,26.4511588,92.1057549,2.2744,2.7240999999999995,1.4925,6.530399999999999,2.1636666666666664
assam,"dhemaji, assam 787057, india",paddy,27.4720412,94.5587757,2.4286,2.552,1.5734000000000001,5.511400000000001,2.1846666666666668
assam,"dhubri, assam, india",rice,26.0206982,89.9743463,2.1574,2.3087999999999997,1.6765,6.5796,2.0475666666666665
assam,"dibrugarh, assam, india",tea,27.4705449,94.9124625,2.4017999999999997,2.2489,1.7153999999999998,6.1766000000000005,2.122033333333333
assam,"dima hasao, assam, india",ginger,25.3478004,93.0175712,2.5938,2.6471000000000005,2.0787,5.949,2.4398666666666666
assam,"goalpara, assam, india",paddy,26.1639014,90.6253459,2.4518,2.3784,1.739,5.7298,2.1897333333333333
assam,"golaghat, assam, india",tea,26.5238515,93.962337,2.5369,2.3973,1.2924,6.516200000000001,2.0755333333333335
assam,"hailakandi, assam, india",rice,24.680855,92.5648095,2.5002,2.5974,1.9524,5.8948,2.35
assam,"hojai, assam 782435, india",paddy,26.0016601,92.847737,2.3834,2.2367,1.7745000000000002,6.2528,2.1315333333333335
assam,"jorhat, assam, india",tea,26.7509207,94.2036696,2.448,2.2873,1.5994,6.6424,2.111566666666667
assam,"kamrup, assam, india",paddy,25.9410942,91.2891036,2.45,2.6510999999999996,1.5852000000000002,6.539,2.2287666666666666
assam,"kamrup metropolitan, assam, india",vegetables,26.1700805,91.949021,2.1898,2.5599,1.5675999999999999,6.8032,2.1057666666666663
assam,"karbi anglong, assam, india",ginger,26.186085,93.5812692,2.2302999999999997,2.1541,1.778,6.5172,2.054133333333333
assam,"karimganj, assam 788710, india",rice,24.8649128,92.3591531,2.6232000000000006,2.1877,1.9546000000000001,6.304399999999999,2.2551666666666668
assam,"kokrajhar, assam 783370, india",paddy,26.4021196,90.2705679,2.3012,2.7722,1.3873000000000002,6.481999999999999,2.153566666666667
assam,"lakhimpur, assam, india",paddy,27.2063587,94.1513764,2.4286999999999996,2.8303999999999996,1.4485000000000001,6.0961,2.2358666666666664
assam,"morigaon, assam 782105, india",rice,26.2514394,92.342311,2.6762,2.7124,1.6367000000000003,6.4556000000000004,2.341766666666667
assam,"nagaon, assam, india",paddy,26.348009,92.6838111,2.2525,2.4177999999999997,1.7135,6.6868,2.127933333333333
assam,"nalbari, assam, india",paddy,26.4446185,91.4410527,2.5503,2.5174000000000003,1.7704,6.505,2.2793666666666668
assam,"sivasagar, assam, india",tea,26.989087,94.639424,2.3909,2.1892,1.7109000000000003,5.8876,2.097
assam,"sonitpur, assam, india",tea,26.6769864,92.6983868,2.6109000000000004,2.6487,1.889,5.3793999999999995,2.382866666666667
assam,"south salmara-mankachar, assam, india",paddy,25.8048092,89.8879304,2.1825,1.8803999999999998,1.3909,6.641,1.8179333333333334
assam,"tinsukia, assam, india",tea,27.4885539,95.355758,2.1269,2.8143000000000002,1.1346,6.8508000000000004,2.0252666666666665
assam,"udalguri, assam 784509, india",paddy,26.7451087,92.095914,2.197,2.9139999999999997,1.7506,6.4028,2.2872
assam,"west karbi anglong, assam, india",ginger,25.9273292,92.3813621,2.2356,2.2382000000000004,1.8705,5.7216000000000005,2.1147666666666667
bihar,"araria, bihar, india",rice,26.1324689,87.4528067,1.3649,2.4658,2.4248000000000003,6.7591,2.085166666666667
bihar,"arwal sipah panchayat, bihar 804401, india",wheat,25.2427603,84.6655981,1.679,2.6978000000000004,2.233,6.7614,2.2032666666666665
bihar,"aurangabad, bihar, india",wheat,24.7486689,84.3807025,1.7469999999999999,2.5477,2.2542,7.000800000000001,2.1829666666666667
bihar,"banka, bihar 813102, india",maize,24.8874179,86.919838,1.0969,2.8961000000000006,2.1193,6.9724,2.0374333333333334
bihar,"begusarai, bihar, india",rice,25.4181638,86.1271542,1.0264,2.9040000000000004,2.3362,7.002199999999999,2.0888666666666666
bihar,"bhagalpur, bihar, india",litchi,25.242453,86.9842256,1.015,2.9945,2.5343,7.0001999999999995,2.1812666666666667
bihar,"bhojpur, bihar, india",wheat,25.466155,84.5222189,1.8459999999999996,2.9219999999999997,2.2401,7.002000000000001,2.336033333333333
bihar,"buxar, bihar, india",wheat,25.5647103,83.9777482,1.0669,2.9844000000000004,2.2376,7.000899999999999,2.0963
bihar,"darbhanga, bihar, india",rice,26.1542045,85.8918454,1.3623000000000003,2.6923999999999997,2.1869,6.997799999999999,2.0805333333333333
bihar,"gaya, bihar, india",wheat,24.7913957,85.0002336,1.99,2.8882,2.3253,7.001,2.4011666666666667
bihar,"ward no. 15, gopalganj, bihar 841428, india",rice,26.4605776,84.4402462,1.0036,2.889,2.0152,7.005199999999999,1.9692666666666667
bihar,"jamui, bihar, india",paddy,24.9255887,86.2258592,1.496,2.1744,1.9377000000000002,6.9814,1.8693666666666668
bihar,"jehanabad, bihar, india",wheat,25.2132649,84.9853322,1.9835999999999998,2.7727999999999997,2.27,7.004,2.342133333333333
bihar,"kaimur, bihar 821102, india",wheat,24.9080554,83.5323391,1.5459,2.998,2.0894,6.9949,2.2111
bihar,"katihar, bihar, india",jute,25.5540648,87.5591073,1.6475,2.7272000000000003,2.2763999999999998,6.341300000000001,2.2170333333333336
bihar,"khagaria, bihar, india",rice,25.50452,86.4701416,1.0033999999999998,2.9330000000000007,2.0284999999999997,6.9996,1.9883
bihar,"kishanganj, bihar, india",maize,26.0982167,87.9450379,1.3648000000000002,2.8684999999999996,2.4017999999999997,5.7285,2.2117
bihar,"lakhisarai, bihar, india",wheat,25.1571454,86.0951592,1.5669,2.8402999999999996,2.4406,7.046600000000001,2.2826
bihar,"madhepura, bihar 852113, india",rice,25.9239677,86.7946387,1.9203000000000001,2.9991000000000003,1.9297,6.938000000000001,2.2830333333333335
bihar,"madhubani, bihar, india",maize,26.3482938,86.0711661,1.2867000000000002,1.383,1.517,6.994400000000001,1.3955666666666666
bihar,"munger, bihar 811201, india",banana,25.3707993,86.4733903,1.3722,2.935,2.4055,6.9956000000000005,2.2375666666666665
bihar,"muzaffarpur, bihar, india",litchi,26.1196607,85.390982,1.003,2.9694,2.1054000000000004,7.220600000000001,2.025933333333333
bihar,"nalanda, bihar 803111, india",wheat,25.1240603,85.4594749,1.9256,2.6004,2.2993,6.998500000000002,2.2751
bihar,"nawada, bihar, india",maize,24.8866859,85.5434572,1.7026000000000001,2.8156,2.3878,7.0064,2.302
bihar,"patna, bihar, india",wheat,25.5940947,85.1375645,1.9250999999999998,2.9282000000000004,2.0905,7.0032,2.3146
bihar,"purnia, bihar, india",jute,25.771665,87.4792359,1.3538,2.6582999999999997,2.1624,6.5376,2.0581666666666663
bihar,"rohtas, bihar 821311, india",rice,24.6287405,83.9201656,1.9924000000000002,2.9843000000000006,2.1370999999999998,6.9952,2.371266666666667
bihar,"saharsa, bihar, india",maize,25.8773651,86.5927887,1.4422,2.5894,1.9934,6.9386,2.0083333333333333
bihar,"samastipur, bihar 848101, india",wheat,25.8560271,85.7868233,1.0064,2.8035,2.0572,7.007600000000001,1.9557
bihar,"saran, bihar, india",maize,25.8559698,84.8567932,1.0007000000000001,2.9588,2.0454,7.0076,2.0016333333333334
bihar,"sheikhpura, bihar 811105, india",wheat,25.1391653,85.8392151,1.0032,2.9911000000000003,2.3633,6.9976,2.1192
bihar,"sheohar, bihar 843329, india",rice,26.5145872,85.2942313,1.3625,2.4222,1.8676000000000001,7.001199999999999,1.8841
bihar,"sitamarhi, bihar, india",rice,26.5886976,85.5012971,1.1799000000000002,2.9303000000000003,2.0576000000000003,7.001300000000001,2.055933333333334
bihar,"siwan, bihar, india",wheat,26.2243204,84.3599953,1.0006,2.5442,2.1638,6.9288,1.902866666666667
bihar,"supaul, bihar 852131, india",rice,26.1233718,86.6045134,1.4969,2.801,2.0311,7.0166,2.109666666666667
bihar,"vaishali, bihar, india",banana,25.6838206,85.354965,1.0039,2.7213,2.0114,7.2414,1.9122000000000001
chhattisgarh,"balod, chhattisgarh 491226, india",paddy,20.7268981,81.2049301,1.3300999999999998,2.1308999999999996,2.818,6.950799999999999,2.093
chhattisgarh,"baloda bazar, chhattisgarh 493332, india",paddy,21.6570941,82.1612298,1.0327,2.1216999999999997,2.6157999999999997,6.8444,1.9233999999999998
chhattisgarh,"balrampur, chhattisgarh 497119, india",paddy,23.6081617,83.6190138,1.3326,1.2472,2.6250999999999998,6.6002,1.7349666666666668
chhattisgarh,"bastar, chhattisgarh 494223, india",paddy,19.2073279,81.9338685,1.2920999999999998,1.9563,2.0842,6.7288,1.7775333333333332
chhattisgarh,"bemetara, chhattisgarh 491335, india",paddy,21.7140253,81.5356149,1.0649000000000002,1.9745000000000001,2.8912000000000004,7.0001999999999995,1.976866666666667
chhattisgarh,"bijapur, chhattisgarh 494444, india",paddy,18.7963075,80.815622,1.0146000000000002,1.9054999999999997,2.2813999999999997,6.996600000000001,1.7338333333333331
chhattisgarh,"bilaspur, chhattisgarh 495001, india",paddy,22.0796545,82.1409152,1.6484999999999999,1.9235,2.9065,6.998000000000001,2.1595
chhattisgarh,"dantewada, chhattisgarh 494449, india",paddy,18.8998486,81.34743,1.0458,1.9402000000000001,2.3081,7.006800000000001,1.7647000000000002
chhattisgarh,"dhamtari, chhattisgarh, india",paddy,20.7101344,81.5489077,1.5657999999999999,2.0827,2.4665,6.9214,2.0383333333333336
chhattisgarh,"durg, chhattisgarh, india",paddy,21.1904494,81.2849169,1.923,1.9835,2.7534000000000005,6.976,2.2199666666666666
chhattisgarh,"gariyaband, chhattisgarh 493889, india",paddy,20.6347897,82.0614974,1.0049,1.9898000000000002,2.7464,7.0042,1.9136999999999997
chhattisgarh,"gaurela-pendra-marwahi, chhattisgarh, india",maize,22.8475281,81.9971108,1.3924,2.2113,2.4584,6.860999999999999,2.0207
chhattisgarh,"janjgir-champa, chhattisgarh, india",paddy,21.9705529,82.4752757,1.0684,2.0623,2.1308000000000002,6.8763999999999985,1.7538333333333334
chhattisgarh,"jashpur nagar, chhattisgarh 496331, india",paddy,22.8759331,84.1381159,1.505,1.101,2.7922999999999996,6.5636,1.799433333333333
chhattisgarh,"kawardha, chhattisgarh 491995, india",paddy,22.0106092,81.2359282,1.6253,2.0589999999999997,2.9885,6.9925999999999995,2.2242666666666664
chhattisgarh,"kanker, chhattisgarh 494334, india",paddy,20.2675174,81.4927385,1.6883000000000001,1.8880000000000001,2.5803999999999996,6.3313,2.052233333333333
chhattisgarh,"kondagaon, chhattisgarh 494226, india",paddy,19.595393,81.664585,1.1977,2.0738,2.2359,6.962600000000001,1.8357999999999999
chhattisgarh,"korba, chhattisgarh, india",paddy,22.3594501,82.7500595,1.0192,2.0021,2.5067999999999997,6.9993,1.8427
chhattisgarh,"korea district, chhattisgarh, india",maize,23.3875499,82.3885783,1.0996,1.9811999999999999,2.1936,6.5344,1.7581333333333333
chhattisgarh,"mahasamund, chhattisgarh 493445, india",paddy,21.1124067,82.095962,1.0781999999999998,1.9380000000000002,2.4302,6.843599999999999,1.8154666666666668
chhattisgarh,"mungeli, chhattisgarh 495334, india",paddy,22.0661963,81.6839125,1.7845000000000002,1.9379,2.7735000000000003,6.9986,2.1653000000000002
chhattisgarh,"narayanpur, chhattisgarh 494661, india",millets,19.7195568,81.2471973,1.0989,1.6406,2.0305,6.7871999999999995,1.5899999999999999
chhattisgarh,"raigarh, chhattisgarh 496001, india",paddy,21.8974003,83.3949632,1.3362,1.4059,1.999,6.700999999999999,1.5803666666666665
chhattisgarh,"raipur, chhattisgarh, india",paddy,21.2513844,81.6296413,1.1042,1.7893000000000001,2.0018,6.988800000000001,1.6317666666666668
chhattisgarh,"rajnandgaon, chhattisgarh 491441, india",paddy,21.0976046,81.0337066,1.0163000000000002,1.4325999999999999,1.91,6.916399999999999,1.4529666666666667
chhattisgarh,"sukma, chhattisgarh 494111, india",paddy,18.3909118,81.6588003,1.0362,1.9750999999999999,2.0496,6.941600000000001,1.6869666666666667
chhattisgarh,"surajpur, chhattisgarh 497229, india",paddy,23.2136011,82.8679549,1.0010000000000001,1.6008000000000002,2.1723,6.4928,1.5913666666666668
chhattisgarh,"surguja, chhattisgarh, india",paddy,22.9494079,83.1649001,1.0032,2.0004999999999997,2.1229,5.444599999999999,1.7088666666666665
goa,"north goa, goa, india",rice,15.5163112,73.9830029,2.1155,1.9479,1.8413000000000002,5.624,1.9682333333333333
goa,"south goa, goa, india",rice,15.11766,74.123996,1.9195,1.4111000000000002,2.0784000000000002,5.7199,1.8030000000000002
gujarat,"ahmedabad, gujarat, india",cotton,23.022505,72.5713621,1.0729,2.65,2.8661999999999996,7.023,2.1963666666666666
gujarat,"amreli, gujarat 365601, india",groundnut,21.6015242,71.2203555,1.0736999999999999,2.8212,2.5456,7.035399999999999,2.1468333333333334
gujarat,"anand, gujarat, india",tobacco,22.5645175,72.928871,1.1427,2.9923,2.7937,7.081600000000001,2.3095666666666665
gujarat,"aravalli, gujarat, india",maize,23.5204911,73.3708696,1.0329,2.7733999999999996,2.4885,7.0276,2.0982666666666665
gujarat,"banaskantha, gujarat 385505, india",potato,24.3070289,72.3514618,1.0145,2.8855,2.6434999999999995,7.0581000000000005,2.1811666666666665
gujarat,"bharuch, gujarat, india",sugarcane,21.7051358,72.9958748,1.1297,1.8286000000000002,2.2596,7.0124,1.7393
gujarat,"bhavnagar, gujarat, india",cotton,21.7644725,72.1519304,1.0204,2.0855,2.9728,7.000199999999999,2.0262333333333333
gujarat,"botad, gujarat 364710, india",groundnut,22.1722509,71.663622,1.1176,1.9194,2.9622999999999995,7.0,1.9997666666666667
gujarat,"chhota udepur, gujarat 391165, india",maize,22.3084941,74.0119993,1.3874000000000002,1.7632999999999999,2.3885,7.0253999999999985,1.8464
gujarat,"dahod, gujarat, india",maize,22.8344992,74.2606185,1.2214999999999998,2.6425000000000005,2.4088,6.999,2.0909333333333335
gujarat,"dang, gujarat, india",rice,20.8253781,73.7007088,1.6331,1.8451999999999997,1.9219,7.0004,1.8000666666666667
gujarat,"devbhumi dwarka, gujarat, india",groundnut,22.1232327,69.3831079,1.6672,2.9086000000000003,2.1306,7.0502,2.235466666666667
gujarat,"gandhinagar, gujarat, india",wheat,23.2156354,72.6369415,1.0124000000000002,2.9852999999999996,2.8813999999999997,7.0185,2.2930333333333333
gujarat,"gir somnath, gujarat, india",groundnut,20.8803104,70.7644236,1.5400999999999998,2.0009,1.7942000000000002,7.022100000000002,1.7784000000000002
gujarat,"jamnagar, gujarat, india",groundnut,22.4707019,70.05773,1.4579,2.7338999999999998,2.302,7.061700000000001,2.1646
gujarat,"junagadh, gujarat, india",groundnut,21.5222203,70.4579436,1.0785,2.7451,2.6236,7.0001999999999995,2.1490666666666667
gujarat,"kheda, gujarat, india",tobacco,22.750651,72.6846658,1.0175,2.8198000000000003,2.6094999999999997,7.0964,2.1489333333333334
gujarat,"kachchh, gujarat, india",bajra,23.7337326,69.8597406,1.2263,2.4803,2.7143,7.197299999999999,2.1403
gujarat,"mahisagar, gujarat, india",paddy,23.1711262,73.5594128,1.0835,2.3737,2.7971000000000004,6.999799999999999,2.084766666666667
gujarat,"mehsana, gujarat, india",mustard,23.5879607,72.3693252,1.0212999999999999,2.2900000000000005,2.0423,7.1442,1.7845333333333333
gujarat,"morbi, gujarat, india",cotton,22.8251874,70.8490809,1.5050999999999999,2.9319,2.4589999999999996,7.071600000000001,2.2986666666666666
gujarat,"narmada, gujarat, india",paddy,21.8757175,73.5594128,1.3762,2.3207,2.347,6.9914,2.0146333333333337
gujarat,"navsari, gujarat, india",sugarcane,20.9467019,72.9520348,1.3518999999999999,2.9993,2.8758000000000004,7.0,2.4090000000000003
gujarat,"panchmahal, gujarat, india",maize,22.8011177,73.5594128,1.4425,2.4255,2.3413999999999997,7.0025,2.0698
gujarat,"patan, gujarat, india",cumin,23.8500156,72.1210274,1.0023,2.5812,2.9147,7.0005999999999995,2.1660666666666666
gujarat,"porbandar, gujarat, india",groundnut,21.6416979,69.6293059,1.13,2.1620000000000004,2.9265000000000003,7.0005999999999995,2.0728333333333335
gujarat,"rajkot, gujarat, india",groundnut,22.3038945,70.8021599,1.1496,2.9712,2.7934,6.869400000000001,2.3047333333333335
gujarat,"sabarkantha, gujarat, india",maize,23.8476704,72.9932969,1.0031,2.8888000000000007,2.4739999999999998,7.030999999999999,2.121966666666667
gujarat,"surat, gujarat, india",sugarcane,21.1702401,72.8310607,1.077,2.790799999999999,2.4835,7.0150000000000015,2.1170999999999993
gujarat,"surendranagar, gujarat, india",cotton,22.7251204,71.6369542,1.3603,2.7607999999999997,2.6889000000000003,7.008399999999999,2.27
gujarat,"tapi, gujarat, india",paddy,21.2788724,73.6065223,1.1673,2.8677000000000006,2.6773,7.003800000000001,2.237433333333333
gujarat,"vadodara, gujarat, india",paddy,22.3071588,73.1812187,1.1861,2.4545000000000003,2.3362,7.0104,1.9922666666666666
gujarat,"valsad, gujarat, india",rice,20.5992349,72.9342451,1.4023,2.8739999999999997,2.4413,6.991999999999999,2.2392
haryana,"ambala, haryana, india",wheat,30.3752011,76.782122,0.0,2.5328999999999997,1.7357,7.079799999999999,1.4228666666666665
haryana,"bhiwani, haryana, india",bajra (pearl millet),28.7974684,76.1322058,0.0,2.1437,1.9180000000000001,7.120900000000002,1.3539
haryana,"charkhi dadri, haryana 127306, india",wheat,28.5920617,76.2652909,0.0,2.1196,1.9225,6.9994,1.3473666666666668
haryana,"fatehabad, haryana 125050, india",wheat,29.5131814,75.4509532,0.0,2.8301000000000003,2.5679000000000003,7.0168,1.7993333333333335
haryana,"hisar, haryana, india",wheat,29.1491875,75.7216527,0.0,2.6996999999999995,1.7266,7.0018,1.4754333333333332
haryana,"jhajjar, haryana, india",wheat,28.6054875,76.6537749,0.0,2.4202999999999997,1.9353,7.0977,1.4518666666666666
haryana,"jind, haryana, india",wheat,29.325508,76.2997909,0.0,1.9994,2.983,7.001199999999999,1.6608
haryana,"kaithal, haryana 136027, india",wheat,29.8042758,76.4039016,0.0,2.7235,2.0077,7.175599999999999,1.5770666666666664
haryana,"karnal, haryana, india",wheat,29.6856929,76.9904825,0.0,2.8338,2.8692,7.0889999999999995,1.901
haryana,"kurukshetra, haryana, india",wheat,29.9695121,76.878282,0.0,2.7387,2.3856,7.154,1.7081
haryana,"mahendragarh, haryana, india",bajra,28.2734201,76.1401349,0.0,2.2346,1.3756,7.007000000000001,1.2034
haryana,"nuh, haryana 122107, india",bajra,28.1023894,76.9931074,0.0,2.7071000000000005,1.99,7.1175999999999995,1.5657000000000003
haryana,"palwal, haryana 121102, india",wheat,28.1472852,77.3259878,0.0,2.6905,2.4724,7.0,1.7209666666666668
haryana,"panchkula, haryana, india",wheat,30.6942091,76.860565,0.0,2.5456,2.3053,7.0185,1.6169666666666664
haryana,"panipat, haryana, india",wheat,29.3909464,76.9635023,0.0,2.8143000000000002,1.8082999999999998,7.0032000000000005,1.5408666666666668
haryana,"rewari, haryana 123401, india",wheat,28.1919738,76.6190774,0.0,2.2853,1.2634999999999998,7.033200000000001,1.1829333333333334
haryana,"rohtak, haryana, india",wheat,28.8955152,76.606611,0.0,2.9237,1.6362999999999999,6.999599999999999,1.5200000000000002
haryana,"sirsa, haryana 125055, india",wheat,29.5320731,75.0317734,0.0,2.0020000000000002,2.4261,7.0602,1.4760333333333335
haryana,"sonipat, haryana, india",wheat,28.9930823,77.0150735,0.0,1.7712,2.1852,7.008399999999999,1.3188000000000002
haryana,"yamuna nagar, haryana, india",wheat,30.1290485,77.2673901,0.0,2.6092,1.3876,7.012099999999999,1.3322666666666667
himachal pradesh,"bilaspur, himachal pradesh, india",maize,31.3406931,76.6874701,1.9094000000000002,1.8541999999999998,1.9439999999999997,6.997799999999999,1.9025333333333334
himachal pradesh,"chamba, himachal pradesh, india",maize,32.5533633,76.1258083,1.8717000000000001,1.8098,1.6784000000000001,6.996599999999998,1.7866333333333335
himachal pradesh,"hamirpur, himachal pradesh, india",wheat,31.6861745,76.5213092,1.9897000000000002,2.1348000000000003,2.0953,7.001400000000001,2.0732666666666666
himachal pradesh,"kangra, himachal pradesh 176001, india",rice,32.1014764,76.2731465,1.5385999999999997,2.2527,2.6419,6.9689,2.1443999999999996
himachal pradesh,"kinnaur, himachal pradesh, india",apples,31.6509576,78.4751945,1.0123,2.7228999999999997,2.9753999999999996,7.003299999999999,2.2368666666666663
himachal pradesh,"kullu, himachal pradesh 175101, india",apples,31.959205,77.1089377,1.0055,2.7459000000000002,2.3615,6.947800000000001,2.0376333333333334
himachal pradesh,"lahaul and spiti, himachal pradesh, india",potatoes,32.6192107,77.3783789,1.002,2.8234,2.5589,6.9946,2.1281
himachal pradesh,"mandi, himachal pradesh, india",rice,31.7087153,76.9320104,1.0424,1.9281,2.3227,6.9726,1.7644000000000002
himachal pradesh,"shimla, himachal pradesh, india",apples,31.104963,77.1639874,1.0023,2.2794,2.6603999999999997,6.984100000000001,1.9807
himachal pradesh,"sirmaur, himachal pradesh, india",maize,30.5628455,77.4701972,1.7382999999999997,2.1782,2.5790999999999995,6.9982,2.1652
himachal pradesh,"solan, himachal pradesh, india",tomatoes,30.9084245,77.0999031,1.0,2.2716999999999996,2.1098999999999997,6.975600000000001,1.7938666666666663
himachal pradesh,"una, himachal pradesh 174303, india",wheat,31.4684649,76.2708152,1.788,1.8416000000000003,1.6913999999999998,6.9976,1.7736666666666665
jharkhand,"bokaro steel city, jharkhand, india",rice,23.6692956,86.151112,1.3684,2.4827,2.0515,5.5198,1.9675333333333331
jharkhand,"chatra, jharkhand 825401, india",rice,24.206475,84.8718433,1.5793000000000001,2.2666999999999997,2.2348,6.286600000000001,2.0269333333333335
jharkhand,"deoghar, jharkhand, india",rice,24.485179,86.694785,1.8537000000000001,2.0979,2.0822,6.6053999999999995,2.0112666666666663
jharkhand,"dhanbad, jharkhand, india",rice,23.7956531,86.4303859,1.6092000000000002,2.2102,2.0841000000000003,6.1408,1.9678333333333333
jharkhand,"dumka, jharkhand, india",rice,24.2684794,87.2488088,1.3863999999999999,1.7327000000000001,1.5073,6.037000000000001,1.5421333333333334
jharkhand,"east singhbhum, jharkhand, india",rice,22.4866756,86.4996546,1.4168,2.3754,1.9621000000000002,5.8996,1.9181000000000001
jharkhand,"garhwa, jharkhand 822114, india",rice,24.1548982,83.7995617,1.2204,2.1326,1.8058,6.9124,1.7195999999999998
jharkhand,"giridih, jharkhand, india",rice,24.19135,86.2996368,1.4882,2.1714,1.8865,6.431400000000001,1.8487
jharkhand,"godda, jharkhand 814133, india",rice,24.8255215,87.2135177,1.21,2.7099,1.6875,6.0036000000000005,1.8691333333333333
jharkhand,"gumla, jharkhand 835207, india",rice,23.0441295,84.5379455,1.6618000000000002,1.9692999999999998,1.9942,6.0714,1.8751
jharkhand,"hazaribagh, jharkhand, india",rice,23.9924669,85.3636758,1.347,2.0698,2.0398,5.74,1.8188666666666666
jharkhand,"jamtara, jharkhand, india",rice,23.9612357,86.8048018,1.5519999999999998,1.9826000000000001,1.7621999999999998,5.5338,1.7656
jharkhand,"khunti, jharkhand, india",rice,23.0797595,85.2774207,1.8787,1.9354,1.9699999999999998,6.1597,1.9280333333333333
jharkhand,"koderma, jharkhand 825410, india",rice,24.4676805,85.5933645,1.8627,1.9305,1.9552,6.8862,1.9161333333333335
jharkhand,"latehar, jharkhand, india",rice,23.7463215,84.5091102,1.8797,1.8552000000000002,2.0378,6.2825,1.9242333333333335
jharkhand,"lohardaga, jharkhand 835302, india",rice,23.4415776,84.6869722,1.6773999999999998,2.0936000000000003,1.6984000000000001,6.154100000000001,1.8231333333333335
jharkhand,"pakur, jharkhand 816107, india",rice,24.6336908,87.8500644,1.8201000000000003,2.0319,1.8763999999999998,6.546600000000001,1.9094666666666669
jharkhand,"palamu, jharkhand, india",rice,23.8324728,85.9585544,1.5637999999999999,2.3217,2.0887000000000002,6.993199999999999,1.9913999999999998
jharkhand,"ramgarh cantonment, jharkhand, india",rice,23.6362593,85.5124209,1.1952,2.1422,2.1292999999999997,6.300999999999999,1.8222333333333331
jharkhand,"ranchi, jharkhand, india",rice,23.3440997,85.309562,1.4978,2.2472,2.0719000000000003,6.079400000000001,1.9389666666666667
jharkhand,"sahibganj, jharkhand 816109, india",rice,25.2381216,87.6453592,1.9797,2.603,2.0385,6.9649,2.2070666666666665
jharkhand,"seraikela kharsawan, jharkhand, india",rice,22.8561261,86.0121573,1.3028,1.8938,2.0051,5.597799999999999,1.7339000000000002
jharkhand,"simdega, jharkhand 835223, india",rice,22.6133396,84.5018278,1.5172999999999999,2.128,2.0723000000000003,5.8824000000000005,1.9058666666666666
jharkhand,"west singhbhum, jharkhand, india",maize,22.3650858,85.4375574,1.6881,2.1982000000000004,1.9280000000000002,6.327999999999999,1.9381000000000002
kerala,"alappuzha, kerala, india",rice,9.4980667,76.3388484,1.0,2.932,1.4055000000000002,6.874799999999999,1.7791666666666668
kerala,"ernakulam, kerala, india",rice,9.9816358,76.2998842,1.0,2.8133000000000004,2.0623,6.3738,1.9585333333333335
kerala,"idukki twp, kerala, india",tea,9.8583987,76.9527836,1.0,2.4240000000000004,2.2781000000000002,5.2989999999999995,1.9007000000000003
kerala,"kannur, kerala, india",coconut,11.8744775,75.3703662,1.0,2.5602,1.8476,6.1038,1.8026
kerala,"kasaragod, kerala, india",coconut,12.4995966,74.9869276,1.0,2.1805000000000003,1.6835000000000002,5.7462,1.6213333333333335
kerala,"kollam, kerala, india",cashew,8.8932118,76.6141396,1.0,2.8632000000000004,1.9262000000000001,6.231999999999999,1.9298000000000002
kerala,"kottayam, kerala, india",coconut,9.5915668,76.5221531,1.0,2.7101000000000006,1.9657999999999998,6.120199999999999,1.8919666666666668
kerala,"kozhikode, kerala, india",coconut,11.2587531,75.78041,1.0,2.6116999999999995,1.9043,6.453,1.8386666666666667
kerala,"malappuram, kerala, india",coconut,11.0509762,76.0710967,1.4752,2.4598,2.0787,6.4704,2.004566666666667
kerala,"palakkad, kerala, india",coconut,10.7867303,76.6547932,1.0,2.6131,2.3406,6.732,1.9845666666666666
kerala,"pathanamthitta, kerala, india",rubber,9.2647582,76.7870414,1.0,2.7752,2.391,6.295800000000001,2.0554
kerala,"thiruvananthapuram, kerala, india",coconut,8.5241391,76.9366376,1.0,2.8608,2.2561,6.687200000000002,2.0389666666666666
kerala,"thrissur, kerala, india",rice,10.5276416,76.2144349,1.0,2.8939000000000004,1.9872999999999998,6.796800000000001,1.9604
kerala,"wayanad, kerala, india",coffee,11.703206,76.0833999,1.0,2.2067,1.9882,6.6756,1.7316333333333336
madhya pradesh,"agar, madhya pradesh 465441, india",wheat,23.7137337,76.0094637,1.1306,1.9361,2.6464999999999996,7.0006,1.9043999999999999
madhya pradesh,"alirajpur, madhya pradesh 457887, india",maize,22.3059709,74.3558148,1.4980000000000002,2.4413,2.0522,6.803999999999999,1.9971666666666668
madhya pradesh,"anuppur, madhya pradesh 484224, india",rice,23.1148065,81.6987997,1.2250999999999999,2.6284000000000005,1.986,7.0,1.9465000000000001
madhya pradesh,"ashoknagar, madhya pradesh, india",wheat,24.5775148,77.7318495,1.0611,2.0195,2.1162,7.002000000000001,1.7322666666666666
madhya pradesh,"balaghat, madhya pradesh, india",rice,21.812876,80.1838293,1.7449000000000001,2.1565,2.7582999999999998,6.9958,2.2198999999999995
madhya pradesh,"barwani, madhya pradesh 451551, india",cotton,22.0363157,74.903339,1.3406,1.9494999999999998,2.2813000000000003,7.009699999999999,1.8571333333333335
madhya pradesh,"betul, madhya pradesh 460001, india",soybean,21.9011601,77.8960201,1.0412,2.1293,2.2763,7.004999999999999,1.8155999999999999
madhya pradesh,"bhind, madhya pradesh, india",wheat,26.5637768,78.7860916,1.0092,1.9033000000000002,2.6830000000000003,6.9938,1.865166666666667
madhya pradesh,"bhopal, madhya pradesh, india",wheat,23.2599333,77.412615,1.3647000000000002,1.9502000000000002,2.7689999999999997,6.999199999999999,2.0279666666666665
madhya pradesh,"burhanpur, madhya pradesh 450331, india",cotton,21.3145021,76.2180095,1.1021,1.9415,2.532,7.001,1.8585333333333331
madhya pradesh,"chhatarpur, madhya pradesh 471001, india",wheat,24.9167821,79.5910058,1.1323999999999999,2.3579000000000003,2.695,6.999199999999999,2.0617666666666667
madhya pradesh,"chhindwara, madhya pradesh 480001, india",soybean,22.057437,78.9381729,1.3981000000000001,2.1264,2.1164,7.001799999999999,1.8803
madhya pradesh,"damoh, madhya pradesh 470661, india",wheat,23.8323022,79.4386591,1.6869,1.8692,2.2807,6.988199999999999,1.9456
madhya pradesh,"datia, madhya pradesh 475661, india",wheat,25.6653168,78.4609182,1.0835000000000001,2.1688,2.1547,7.023000000000001,1.8023333333333333
madhya pradesh,"dewas, madhya pradesh, india",soybean,22.9675929,76.0534454,1.3386000000000002,2.0018,2.0047,6.996000000000001,1.7817
madhya pradesh,"dhar, madhya pradesh 454001, india",cotton,22.5980549,75.3039628,1.8604000000000003,2.0420000000000003,2.1791,6.9984,2.0271666666666666
madhya pradesh,"dindori, madhya pradesh 481880, india",rice,22.9417931,81.0768455,1.7556,2.0147,2.5279,6.9754,2.0993999999999997
madhya pradesh,"guna, madhya pradesh, india",wheat,24.6323648,77.3001762,1.0485,2.0040999999999998,1.6987,7.0004,1.5837666666666668
madhya pradesh,"gwalior, madhya pradesh, india",wheat,26.2124007,78.1772053,1.0009000000000001,2.9807000000000006,2.0016,6.9967999999999995,1.9944
madhya pradesh,"harda, madhya pradesh 461331, india",soybean,22.3466702,77.0889583,1.3119999999999998,2.9040000000000004,2.2443,7.000799999999999,2.1534333333333335
madhya pradesh,"indore, madhya pradesh, india",soybean,22.7195687,75.8577258,1.0024,2.0302,2.9867000000000004,7.002199999999999,2.0064333333333333
madhya pradesh,"jabalpur, madhya pradesh, india",wheat,23.1685786,79.9338798,1.8370999999999997,2.1853,2.7531,6.9996,2.2584999999999997
madhya pradesh,"jhabua, madhya pradesh 457661, india",maize,22.769666,74.5920921,1.4924000000000002,2.0614,2.0719000000000003,6.999199999999999,1.8752333333333333
madhya pradesh,"katni, madhya pradesh, india",wheat,23.8343441,80.3893814,1.1394,1.8888999999999998,2.7975,7.0007,1.941933333333333
madhya pradesh,"khandwa, madhya pradesh 450001, india",cotton,21.8314037,76.3497612,1.1442,1.818,2.5091,7.000699999999999,1.8237666666666668
madhya pradesh,"khargone, madhya pradesh 451001, india",cotton,21.8257464,75.6184061,1.0989,2.0141,2.3249,7.002999999999999,1.8126333333333333
madhya pradesh,"mandla, madhya pradesh, india",paddy,22.5978545,80.3713531,1.3316,2.2772,2.4107,6.5298,2.0065
madhya pradesh,"mandsaur, madhya pradesh, india",opium,24.0734356,75.0679018,1.1506,1.6539,2.1503,7.0497000000000005,1.6516000000000002
madhya pradesh,"morena, madhya pradesh 476001, india",mustard,26.4947172,77.9940222,1.1284999999999998,2.4977,2.1364,6.9628,1.9208666666666667
madhya pradesh,"narsinghpur, madhya pradesh, india",sugarcane,22.9473179,79.1923266,1.0346,2.3232999999999997,2.6431999999999998,6.9982,2.0003666666666664
madhya pradesh,"neemuch, madhya pradesh 458441, india",opium,24.4737663,74.8726497,1.5363,1.5503,2.7177000000000002,7.006899999999999,1.9347666666666665
madhya pradesh,"niwari, madhya pradesh 472442, india",wheat,25.3697238,78.7986181,1.3213,2.6742000000000004,2.3174,6.997199999999999,2.1043000000000003
madhya pradesh,"panna, madhya pradesh 488001, india",paddy,24.7174633,80.1814145,1.7187000000000001,2.0209,2.0338000000000003,6.993499999999999,1.9244666666666668
madhya pradesh,"raisen, madhya pradesh 464551, india",wheat,23.3327329,77.7823973,1.0993000000000002,1.9905999999999997,2.3831,7.009399999999999,1.8243333333333336
madhya pradesh,"rajgarh, madhya pradesh 465661, india",wheat,24.0078819,76.7278803,1.1375,2.7377000000000002,2.5638,7.2288,2.146333333333333
madhya pradesh,"ratlam, madhya pradesh 457001, india",soybean,23.3315103,75.0366677,1.1243,1.966,2.7776,7.0100999999999996,1.9559666666666669
madhya pradesh,"rewa, madhya pradesh, india",paddy,24.5362477,81.3036946,1.3336000000000001,2.0964,2.2905,6.994,1.9068333333333334
madhya pradesh,"sagar, madhya pradesh, india",wheat,23.838805,78.7378068,1.8358,1.5248,1.8488,7.0,1.7364666666666666
madhya pradesh,"satna, madhya pradesh, india",wheat,24.6005075,80.8322428,1.2793,2.8964999999999996,2.7881,7.032600000000001,2.3213
madhya pradesh,"sehore, madhya pradesh 466001, india",soybean,23.2032399,77.0844044,1.4685,1.8727999999999998,2.7135000000000002,6.986700000000001,2.018266666666667
madhya pradesh,"seoni, madhya pradesh 480661, india",paddy,22.0868691,79.5434841,1.534,2.2853,2.8871,6.9902999999999995,2.235466666666667
madhya pradesh,"shahdol, madhya pradesh, india",paddy,23.300232,81.3568619,1.0975,1.5486000000000002,2.8879999999999995,6.865400000000001,1.8446999999999998
madhya pradesh,"shajapur, madhya pradesh 465001, india",soybean,23.4225728,76.2871419,1.1134,2.5888999999999998,1.8537000000000001,7.0036000000000005,1.852
madhya pradesh,"sheopur, madhya pradesh 476337, india",wheat,25.67282,76.6961305,1.0278,1.9518,2.1678,7.0104,1.7158
madhya pradesh,"shivpuri, madhya pradesh 473551, india",wheat,25.4320478,77.6643815,1.4531999999999998,2.8575999999999997,2.0096000000000003,6.9965,2.1068
madhya pradesh,"sidhi, madhya pradesh 486661, india",paddy,24.3956038,81.8825279,1.5614,2.8406000000000002,2.0076,6.692199999999999,2.1365333333333334
madhya pradesh,"singrauli, madhya pradesh, india",paddy,24.1989544,82.6676209,1.7864999999999998,2.4501999999999997,2.0232,6.9993,2.086633333333333
madhya pradesh,"tikamgarh, madhya pradesh 472001, india",wheat,24.7456147,78.8320779,1.0,2.3761,2.3962,7.002000000000001,1.9241
madhya pradesh,"ujjain, madhya pradesh, india",soybean,23.1764665,75.7885163,1.0556,2.3563,2.8588999999999998,7.0022,2.0902666666666665
madhya pradesh,"umaria, madhya pradesh 484661, india",paddy,23.5309797,80.8294747,1.5301,2.0989999999999998,1.9749,6.988200000000002,1.868
madhya pradesh,"vidisha, madhya pradesh 464001, india",wheat,23.5235719,77.8139718,1.1506,2.0764,2.2838,7.0017,1.8369333333333333
karnataka,"bagalkote, karnataka, india",sugarcane,16.1691096,75.6615029,1.466,2.3287,2.2856,7.126799999999999,2.0267666666666666
karnataka,"ballari, karnataka, india",paddy,15.1393932,76.9214428,1.7837,2.1569,1.9416,7.2787000000000015,1.9607333333333334
karnataka,"belagavi, karnataka, india",sugarcane,15.8496953,74.4976741,1.088,2.0203,2.0193,7.380999999999999,1.7092
karnataka,"bangalore rural, karnataka, india",ragi,13.3232149,77.4701972,1.0769,2.5113,2.0238,6.587999999999999,1.8706666666666667
karnataka,"bengaluru urban, karnataka, india",ragi,12.9700247,77.6536125,1.0666,2.3754,1.9546000000000001,6.8136,1.7988666666666668
karnataka,"bidar, karnataka, india",red gram (tur),17.9103939,77.5199079,1.5454,1.9293,2.9859000000000004,6.9982,2.1535333333333337
karnataka,"chamarajanagar, karnataka 571313, india",ragi,11.9261471,76.9437312,2.085,2.5973999999999995,1.9196,7.0074999999999985,2.2006666666666663
karnataka,"chikkaballapur, karnataka, india",ragi,13.4354985,77.7315344,1.018,2.7861000000000002,2.3026,6.9514,2.0355666666666665
karnataka,"chikkamagaluru, karnataka, india",coffee,13.3161441,75.7720439,1.1516000000000002,2.8038,2.3066,6.7562,2.0873333333333335
karnataka,"chitradurga, karnataka, india",ragi,14.2250932,76.3980464,1.0557,2.7927,2.3326000000000002,6.999499999999999,2.0603333333333333
karnataka,"dakshina kannada, karnataka, india",arecanut,12.8437814,75.2479061,1.0355,2.143,1.6574,6.514399999999999,1.6119666666666665
karnataka,"davanagere, karnataka, india",paddy,14.4644085,75.921758,1.9691,2.8343000000000003,2.6975,6.9958,2.5002999999999997
karnataka,"dharwad, karnataka, india",cotton,15.4589236,75.007808,1.9784,2.0389999999999997,2.453,7.307599999999999,2.1568
karnataka,"gadag-betageri, gadag-betigeri, karnataka, india",groundnut,15.4315406,75.6355149,1.9783000000000002,2.0991999999999997,2.4078999999999997,7.000200000000001,2.1618
karnataka,"hassan, karnataka, india",paddy,13.0033234,76.1003894,2.1395,2.9190000000000005,2.2616,6.964999999999999,2.4400333333333335
karnataka,"haveri, karnataka 581110, india",cotton,14.7950698,75.3990674,1.7105000000000001,2.0266,2.0913000000000004,6.9587,1.9428
karnataka,"kalaburagi, karnataka, india",red gram (tur),17.329731,76.8342957,1.1921,2.947,2.9955000000000003,7.0022,2.3782
karnataka,"kodagu, karnataka, india",coffee,12.3374942,75.8069082,2.0053,2.4713,2.3361,6.989199999999999,2.2708999999999997
karnataka,"kolar, karnataka, india",vegetables (tomato),13.1362143,78.1290986,1.0735999999999999,2.6528000000000005,1.8901999999999999,6.8273,1.8722
karnataka,"koppal, karnataka, india",paddy,15.3504652,76.1567298,2.166,2.9096999999999995,2.5382,7.030399999999999,2.5379666666666663
karnataka,"mandya, karnataka, india",sugarcane,12.5218157,76.8951488,1.185,2.667,2.1973000000000003,6.824599999999999,2.0164333333333335
karnataka,"mysuru, karnataka, india",paddy,12.2958104,76.6393805,1.0055,2.7629,2.3352,6.8187999999999995,2.0345333333333335
karnataka,"raichur, karnataka, india",paddy,16.216018,77.3565608,1.0021,2.0047,1.9346,7.040800000000001,1.6471333333333333
karnataka,"ramanagara, karnataka 562159, india",ragi,12.7208614,77.2798963,1.7866,2.6946999999999997,1.8703999999999998,6.737,2.117233333333333
karnataka,"shivamogga, karnataka, india",arecanut,13.9299299,75.568101,1.2551999999999999,2.2380999999999998,2.4124999999999996,6.6765,1.9685999999999997
karnataka,"tumakuru, karnataka, india",ragi,13.3378762,77.117325,1.1806,2.5882,2.1967999999999996,6.972699999999999,1.9885333333333335
karnataka,"udupi, karnataka, india",paddy,13.3408807,74.7421427,1.465,2.4025,1.8943,5.3041,1.9206
karnataka,"uttara kannada, karnataka, india",paddy,14.7937065,74.6868815,1.183,2.1669,1.858,6.6770000000000005,1.7359666666666669
karnataka,"vijayapura, karnataka, india",sugarcane,16.8301708,75.710031,1.0218,2.8593,2.3874,7.1667000000000005,2.0894999999999997
karnataka,"yadgiri, karnataka, india",paddy,16.7625516,77.1442251,1.1756,2.6718,2.8827,7.0838,2.2433666666666667
manipur,"churachandpur, manipur 795128, india",maize,24.3460416,93.6999733,1.0744,2.0185000000000004,1.0742,6.761500000000001,1.3890333333333336
meghalaya,"east garo hills, meghalaya, india",arecanut,25.5671692,90.5257823,1.7167000000000001,1.2350999999999999,1.9310999999999998,6.7906,1.627633333333333
meghalaya,"east jaintia hills, meghalaya, india",turmeric,25.3100768,92.4999918,2.0,1.5556,1.8888999999999998,6.1112,1.8148333333333333
meghalaya,"east khasi hills, meghalaya, india",potato,25.3681768,91.7538817,1.277,2.1417,1.6362999999999999,5.854000000000001,1.6849999999999998
meghalaya,"north garo hills, meghalaya, india",arecanut,25.8270321,90.658333,1.3599,1.4209,1.9006999999999998,6.2073,1.5605
meghalaya,"ri bhoi, meghalaya, india",pineapple,25.9321374,92.0665197,1.2204,1.7639000000000002,2.1951,5.9639999999999995,1.7264666666666668
meghalaya,"south garo hills, meghalaya, india",cashewnut,25.3300969,90.563609,1.8856,1.3313,1.9148999999999998,5.9396,1.7106000000000001
meghalaya,"south west garo hills, meghalaya, india",arecanut,25.4259627,89.9626799,1.6414000000000002,1.3428,1.7826999999999997,5.949199999999999,1.5889666666666666
meghalaya,"south west khasi hills, meghalaya, india",ginger,25.3258908,91.2506002,1.3514,2.3270999999999997,1.6092,6.254000000000001,1.7625666666666664
meghalaya,"west garo hills, meghalaya, india",cashewnut,25.7573475,90.2244662,1.7638,1.3726999999999998,1.8532,6.1206000000000005,1.6632333333333333
meghalaya,"west jaintia hills, meghalaya, india",rice,25.5488415,92.3813621,1.8233000000000001,1.712,1.806,5.0851999999999995,1.7804333333333335
meghalaya,"west khasi hills, meghalaya, india",ginger,25.5624625,91.2891036,1.3192,2.0139,2.1262,5.9962,1.8197666666666665
mizoram,"aizawl, mizoram, india",banana,23.7307175,92.7173106,1.0219,1.9772000000000003,1.3824,5.5888,1.4605000000000004
mizoram,"champhai, mizoram 796321, india",grape,23.4775158,93.3236697,1.0143,2.1584,1.4553,5.659599999999999,1.5426666666666666
mizoram,"hnahthial, mizoram 796571, india",ginger,22.9664136,92.9267853,1.0,1.6154,1.1538000000000002,6.846200000000001,1.2564000000000002
mizoram,"khawzawl, mizoram 796310, india",ginger,23.5196404,93.1871877,1.0,2.2,1.3,6.7,1.5
mizoram,"kolasib, mizoram, india",banana,24.2252057,92.6777587,1.5087000000000002,2.5981,2.5932999999999997,6.3238,2.2333666666666665
mizoram,"lawngtlai, mizoram 796891, india",rice,22.5320875,92.8990711,1.0,1.1727,1.0327000000000002,6.0212,1.0684666666666667
mizoram,"lunglei, mizoram, india",banana,22.8889908,92.7455429,1.0,1.4306999999999999,1.2546000000000002,6.2408,1.2284333333333333
mizoram,"mamit, mizoram 796441, india",turmeric,23.9283961,92.490728,1.5164,1.9619,2.4402,6.169799999999999,1.9728333333333332
mizoram,"saitual, mizoram 796261, india",maize,23.6922467,92.9654146,1.0337,1.9866,1.2989999999999997,5.9894,1.4397666666666664
mizoram,"serchhip, mizoram 796181, india",ginger,23.311308,92.8564098,1.0529,2.2211000000000003,1.0766,6.152200000000001,1.4502
nagaland,"chümoukedima, dimapur, nagaland, india",paddy,25.8040595,93.7540835,1.4449,1.9933,2.2142,5.768399999999999,1.8841333333333334
nagaland,"dimapur, nagaland, india",paddy,25.9091406,93.7265605,1.4986000000000002,1.8658000000000001,2.0206,5.5952,1.795
nagaland,"kiphire, nagaland 798611, india",maize,25.8683014,94.7857071,1.7211999999999998,2.6672000000000002,2.0496,5.662999999999999,2.146
nagaland,"kohima, nagaland, india",paddy,25.6751129,94.1085998,1.5413,2.0575,1.5441999999999998,5.3773,1.7143333333333333
nagaland,"longleng, nagaland 798625, india",rice,26.4876945,94.8165389,2.124,2.2897999999999996,2.2763,5.1612,2.2300333333333335
nagaland,"mokokchung, nagaland, india",paddy,26.3210313,94.5147156,1.6671,1.6432999999999998,1.791,5.019,1.7004666666666666
nagaland,"mon village, nagaland 798621, india",maize,26.733096,95.0615119,1.9139999999999997,2.4154,1.9537,5.3524,2.0943666666666663
nagaland,"niuland, nagaland 797109, india",paddy,25.908945,93.989929,1.5166,1.6511000000000002,2.4152,5.604399999999999,1.8609666666666669
nagaland,"noklak, nagaland 798626, india",millet,26.2038991,95.0184302,1.4520000000000002,1.8411000000000002,2.0597000000000003,6.2838,1.7842666666666667
nagaland,"peren, nagaland 797101, india",paddy,25.5379976,93.7329664,2.7074000000000003,1.0022,1.3905,5.994199999999999,1.7000333333333335
nagaland,"phek, nagaland 797108, india",paddy,25.6645749,94.4695358,1.5930000000000002,1.723,2.1426999999999996,5.4605999999999995,1.8195666666666668
nagaland,"shamator, nagaland 798612, india",maize,26.069541,94.879612,1.9643000000000002,2.0007,2.0015000000000005,6.61,1.9888333333333337
nagaland,"tseminyu, nagaland 797109, india",rice,25.924691,94.214881,1.2563,2.9770000000000003,1.3372,5.506600000000001,1.8568333333333333
nagaland,"tuensang, nagaland, india",paddy,26.234793,94.811956,1.4028,2.011,2.2045000000000003,5.9852,1.872766666666667
nagaland,"wokha, nagaland 797111, india",paddy,26.1023895,94.2522438,2.7258000000000004,1.0,1.4358999999999997,5.5752,1.7205666666666666
nagaland,"zunheboto, nagaland 798620, india",rice,26.0128579,94.5241504,1.9198,2.4714,2.4797,5.1756,2.2903
odisha,"angul, odisha, india",paddy,20.8404122,85.1028982,1.1099,2.2523999999999997,2.4811,6.3844,1.9478
odisha,"balangir, odisha, india",paddy,20.7011108,83.4846069,1.1462999999999999,1.9576000000000002,1.9905000000000002,6.899,1.6981333333333335
odisha,"balasore, odisha, india",paddy,21.4933578,86.9134794,1.0153,1.83,1.8577000000000001,6.515,1.5676666666666668
odisha,"bargarh, odisha, india",paddy,21.3470154,83.6320212,1.1753,2.4594,2.3763,6.179399999999999,2.0036666666666667
odisha,"bhadrak, odisha, india",paddy,21.0573616,86.4962996,1.3840000000000001,2.3872999999999998,2.0887000000000002,6.619599999999999,1.9533333333333334
odisha,"baudhgarh, odisha 762014, india",paddy,20.8418205,84.3200184,1.2103,2.5646000000000004,2.2394,6.728399999999999,2.004766666666667
odisha,"cuttack, odisha, india",paddy,20.462521,85.8829895,1.1345,1.9916999999999998,1.8291000000000002,5.8203,1.6517666666666668
odisha,"deogarh, odisha 768108, india",paddy,21.5383136,84.7289442,1.0367,1.058,2.2673,6.5473,1.454
odisha,"dhenkanal, odisha, india",paddy,20.6504753,85.5981223,1.0077,2.1281,2.3604,6.2456000000000005,1.8320666666666667
odisha,"gajapati, odisha, india",paddy,19.1912221,84.1857115,1.3358999999999996,2.3209,2.2409,6.3644,1.9658999999999998
odisha,"ganjam, odisha 761026, india",paddy,19.3871214,85.0523356,1.7280000000000002,1.9903,2.0621,6.721799999999999,1.9268
odisha,"jagatsinghpur, odisha, india",paddy,20.2548998,86.1706221,1.0071,2.8717,1.8001999999999998,5.881800000000001,1.893
odisha,"jajpur, odisha, india",paddy,20.8341019,86.3326058,1.18,1.7350999999999999,2.0203,6.063199999999999,1.6451333333333331
odisha,"jharsuguda, odisha, india",paddy,21.8554375,84.0061661,1.0819,2.6384999999999996,2.7082999999999995,5.335200000000001,2.1428999999999996
odisha,"kalahandi, odisha, india",paddy,19.9137363,83.1649001,1.5960000000000003,2.2208,2.1026,6.8126,1.9731333333333334
odisha,"kandhamal, odisha, india",ginger,20.1342042,84.0167423,1.7060000000000002,1.726,2.1101,5.5025,1.8473666666666668
odisha,"kendrapara, odisha, india",paddy,20.5035436,86.4199321,1.1225999999999998,1.8025,1.9602000000000002,5.7101,1.6284333333333334
odisha,"keonjhar, odisha, india",paddy,21.6393113,85.605525,1.1727,1.6570999999999998,1.6188,6.7749,1.4828666666666666
odisha,"khordha, odisha, india",paddy,20.1862584,85.6222742,1.4001,1.2537,1.8471000000000002,5.835799999999999,1.5003
odisha,"koraput, odisha, india",paddy,18.813487,82.7123327,1.5329,1.4751999999999998,2.2299,5.964799999999999,1.7459999999999998
odisha,"malkangiri, odisha, india",paddy,18.3435863,81.8825279,1.0917000000000001,2.7417,2.1366,6.2436,1.9900000000000002
odisha,"mayurbhanj, odisha, india",paddy,22.0086978,86.4187308,1.7018,1.094,1.669,5.51,1.4882666666666668
odisha,"nowrangpur, odisha 764059, india",paddy,19.2277163,82.5490885,1.0029000000000001,1.9398,2.1989,6.027800000000001,1.7138666666666669
odisha,"nayagarh, odisha, india",paddy,20.1231332,85.1038426,1.0181,2.6898,1.7420999999999998,6.6415999999999995,1.8166666666666664
odisha,"nuapada, odisha 766105, india",paddy,20.8060184,82.5361393,1.8453,2.3297,2.0013,7.0,2.0587666666666666
odisha,"puri, odisha, india",paddy,19.8134554,85.8312359,1.1569,2.0048000000000004,1.7566,6.364199999999999,1.6394333333333335
odisha,"rayagada, odisha, india",paddy,19.1714939,83.4116756,1.4950999999999999,1.3852000000000002,1.9727999999999997,6.5249,1.6177
odisha,"sambalpur, odisha, india",paddy,21.4668716,83.9811665,1.5482,2.0814000000000004,2.2881,6.171000000000001,1.9725666666666666
odisha,"sonepur, odisha 767017, india",paddy,20.8410126,83.8973977,1.3572,2.6433,2.2733000000000003,6.733,2.0912666666666664
odisha,"sundargarh, odisha, india",paddy,22.120021,84.037224,1.5183000000000002,2.1442,2.018,6.984,1.8935000000000002
punjab,"amritsar, punjab, india",wheat,31.6339793,74.8722642,1.0,1.8172,1.7596,7.030799999999999,1.5255999999999998
punjab,"bathinda, punjab, india",cotton,30.210994,74.9454745,0.0,1.0,1.0,8.0,0.6666666666666666
punjab,"faridkot, punjab 151203, india",cotton,30.6774058,74.7539266,0.0,2.5266,1.8254000000000001,6.6964,1.4506666666666668
punjab,"fatehgarh sahib, punjab, india",wheat,30.6435345,76.39703,0.0,3.0,1.6,6.993,1.5333333333333332
punjab,"firozpur, punjab, india",wheat,30.9331348,74.6224755,0.0,2.0301,2.045,7.3870000000000005,1.3583666666666667
punjab,"gurdaspur, punjab 143521, india",wheat,32.0413917,75.403086,0.0,1.0,1.0,7.096,0.6666666666666666
punjab,"jalandhar, punjab, india",wheat,31.3260152,75.5761829,0.0,2.1094,1.1227,6.9986,1.0773666666666666
punjab,"kapurthala, punjab, india",wheat,31.3722571,75.4017654,1.0,2.4840999999999998,1.1378,7.026199999999999,1.5406333333333333
punjab,"moga, punjab 142001, india",wheat,30.8230114,75.1734471,0.0,1.9582,2.298,7.8260000000000005,1.4187333333333332
punjab,"patiala, punjab, india",wheat,30.3397809,76.3868797,0.0,1.8585,0.0,7.059200000000001,0.6195
punjab,"rupnagar, punjab 140001, india",wheat,30.9661003,76.5230961,1.0,1.0,1.0,7.001799999999999,1.0
punjab,"sahibzada ajit singh nagar, punjab, india",wheat,30.7046486,76.7178726,0.0,1.1823000000000001,1.0051999999999999,0.0,0.7291666666666666
punjab,"sangrur, punjab 148001, india",wheat,30.2457963,75.8420716,0.0,2.3497,1.0447,7.0,1.1314666666666666
punjab,"tarn taran sahib, punjab 143401, india",wheat,31.4538668,74.9267599,1.0,1.7875999999999999,1.2094,7.1186,1.3323333333333334
rajasthan,"ajmer, rajasthan, india",wheat,26.4498954,74.6399163,1.0,2.6317000000000004,2.4322,7.356599999999999,2.0213
rajasthan,"alwar, rajasthan, india",wheat,27.5529907,76.6345735,1.0556,2.793,1.9536000000000002,7.096300000000001,1.934066666666667
rajasthan,"banswara, rajasthan 327001, india",maize,23.5451408,74.4405475,1.0,2.5940000000000003,2.4399,7.0166,2.0113000000000003
rajasthan,"baran, rajasthan, india",soybean,25.1012882,76.5119321,1.0,2.8036000000000003,2.5427,6.999899999999999,2.1154333333333333
rajasthan,"barmer, rajasthan 344001, india",bajra,25.7521467,71.3966865,1.0,2.9943,2.0650999999999997,7.2818000000000005,2.0198
rajasthan,"bharatpur, rajasthan, india",mustard,27.2151863,77.5029996,1.0097,2.8212,2.1866000000000003,7.009399999999999,2.0058333333333334
rajasthan,"bhilwara, rajasthan, india",wheat,25.3407388,74.6313183,0.0,2.3827000000000003,2.9962,7.2222,1.7929666666666666
rajasthan,"bikaner, rajasthan, india",mustard,28.0229348,73.3119159,1.0,2.7967,2.7355,7.0286,2.1774
rajasthan,"bundi, rajasthan 323001, india",soybean,25.4325869,75.6482726,0.0,2.8971999999999998,2.7847999999999997,7.0186,1.894
rajasthan,"chittorgarh, rajasthan, india",soybean,24.8829177,74.6229699,1.0,2.2307,2.3770000000000002,7.188,1.8692333333333335
rajasthan,"churu, rajasthan 331001, india",bajra,28.2925364,74.9707262,0.0,1.2984,2.0902000000000003,7.0197,1.1295333333333335
rajasthan,"dausa, rajasthan 303303, india",wheat,26.8996953,76.332411,0.0,2.8870000000000005,2.2048,7.166199999999999,1.697266666666667
rajasthan,"dholpur, rajasthan, india",mustard,26.6965521,77.8907576,1.0036,2.9713,2.4629999999999996,7.0116,2.1459666666666664
rajasthan,"dungarpur, rajasthan 314001, india",maize,23.8518813,73.7204305,1.0,2.7628,2.2274,7.0102,1.9967333333333332
rajasthan,"hanumangarh, rajasthan 335513, india",cotton,29.5821848,74.3292106,0.0,2.7312,2.8683000000000005,7.1868,1.8665000000000003
rajasthan,"jaipur, rajasthan, india",wheat,26.9124336,75.7872709,0.0,2.8091000000000004,2.0667,7.2248,1.6252666666666666
rajasthan,"jaisalmer, rajasthan 345001, india",bajra,26.9157487,70.9083443,1.0,2.8942,2.3225,8.7178,2.072233333333333
rajasthan,"jalore, rajasthan, india",bajra,25.3474783,72.6226296,1.0,2.9183999999999997,2.2647,7.658599999999999,2.061033333333333
rajasthan,"jhalawar, rajasthan 326001, india",soybean,24.593906,76.1642846,1.0,2.8948999999999994,2.9800999999999997,7.0005999999999995,2.2916666666666665
rajasthan,"jhunjhunu, rajasthan 333001, india",bajra,28.1317038,75.4022233,0.0,2.8655,2.4778000000000002,7.2858,1.7811000000000001
rajasthan,"jodhpur, rajasthan, india",bajra,26.2389469,73.0243094,1.0,2.7598000000000003,2.5605,7.933,2.1067666666666667
rajasthan,"karauli, rajasthan, india",wheat,26.5049791,77.0267705,0.0,2.9728000000000003,2.8771,7.001600000000001,1.9499666666666666
rajasthan,"kota, rajasthan, india",soybean,25.2138156,75.8647527,1.0,2.768299999999999,2.7946000000000004,7.0061,2.187633333333333
rajasthan,"nagaur, rajasthan 341001, india",bajra,27.1983368,73.7493272,0.0,2.805,2.5420999999999996,7.533800000000001,1.7823666666666664
rajasthan,"pali, rajasthan 306401, india",bajra,25.7780623,73.331147,0.0,2.6556000000000006,2.7186000000000003,7.663800000000001,1.7914000000000003
rajasthan,"pratapgarh, rajasthan, india",maize,24.0339322,74.7813183,0.0,2.7746,2.5454,7.0005999999999995,1.7733333333333334
rajasthan,"rajsamand, rajasthan, india",maize,25.0583257,73.8860034,1.0,2.0685000000000002,2.9912,7.098,2.0199000000000003
rajasthan,"sikar, rajasthan, india",bajra,27.6093912,75.1397935,1.0,2.8984000000000005,2.8652,7.0874,2.2545333333333333
rajasthan,"sirohi, rajasthan 307001, india",maize,24.8827147,72.8608948,1.0,2.8547999999999996,2.4183000000000003,7.032200000000001,2.0910333333333333
rajasthan,"tonk, rajasthan 304001, india",wheat,26.1659063,75.7962852,1.2533,2.9493,2.8388000000000004,7.089200000000001,2.3471333333333337
rajasthan,"udaipur, rajasthan, india",maize,24.585445,73.712479,0.0,2.4051,1.3677,7.0652,1.2576
sikkim,"gangtok, sikkim, india",large cardamom,27.3313512,88.6138113,1.9140000000000001,2.753199999999999,2.1774,5.9558,2.2815333333333334
sikkim,"geyzing, sikkim 737111, india",large cardamom,27.2925414,88.2537454,1.7927999999999997,2.4924,1.8560000000000003,6.403300000000001,2.0470666666666664
sikkim,"mangan, sikkim 737116, india",large cardamom,27.5005014,88.534612,1.7219,2.8002,2.0476,6.5234000000000005,2.1899
sikkim,"namchi, sikkim, india",ginger,27.1666353,88.3619334,1.4857999999999998,2.7395,2.6353999999999997,6.141,2.2868999999999997
sikkim,"pakyong, sikkim 737106, india",large cardamom,27.2429408,88.5968902,1.9884,2.7269,2.1523000000000003,6.241300000000001,2.2892
sikkim,"soreng, sikkim 737121, india",large cardamom,27.1677842,88.2022796,1.6069,2.7952,2.1102,5.268400000000001,2.1707666666666667
tamil nadu,"ariyalur, tamil nadu, india",paddy,11.1403677,79.07445,1.0016,2.0324999999999998,1.9931,6.9972,1.6757333333333333
tamil nadu,"chengalpattu, tamil nadu, india",paddy,12.6819372,79.9888413,1.0272,1.8958000000000002,1.7375,6.9628,1.5534999999999999
tamil nadu,"coimbatore, tamil nadu, india",cotton,11.0168445,76.9558321,1.0107,1.7462,2.9431,7.1789,1.8999999999999997
tamil nadu,"cuddalore, tamil nadu, india",sugarcane,11.7480419,79.7713687,1.0006,2.6765999999999996,2.0694999999999997,7.0625,1.9155666666666662
tamil nadu,"dharmapuri, tamil nadu, india",millets,12.1210997,78.1582143,1.0015,2.3392,2.2925000000000004,7.039100000000001,1.8777333333333335
tamil nadu,"dindigul, tamil nadu 624001, india",paddy,10.3623794,77.9694579,1.0235,1.7031,2.6986000000000003,7.014599999999999,1.8084
tamil nadu,"erode, tamil nadu, india",turmeric,11.3410364,77.7171642,1.004,1.7989999999999997,2.8455,7.019999999999999,1.8828333333333334
tamil nadu,"kallakurichi, tamil nadu, india",paddy,11.7383735,78.9638899,1.0011,2.2868,2.622300000000001,7.002999999999999,1.970066666666667
tamil nadu,"kanchipuram, tamil nadu 631501, india",paddy,12.8371787,79.7041698,1.0033,2.0499,2.2193,6.958100000000002,1.7575000000000003
tamil nadu,"kanniyakumari, tamil nadu, india",banana,8.0843512,77.5495019,1.0122,2.835600000000001,1.9361,6.472799999999999,1.927966666666667
tamil nadu,"karur, tamil nadu, india",paddy,10.9600778,78.0766036,1.0011999999999999,1.9431,2.5721,7.164,1.8388
tamil nadu,"krishnagiri, tamil nadu 635001, india",mango,12.5265661,78.2149575,1.0004,2.1521,1.9628,6.9879999999999995,1.7050999999999998
tamil nadu,"madurai, tamil nadu, india",paddy,9.9252007,78.1197754,1.0023,2.2353,2.5907,7.027,1.9427666666666668
tamil nadu,"mayiladuthurai, tamil nadu 609001, india",paddy,11.1017705,79.6525686,1.012,2.3156,2.3091000000000004,7.009200000000001,1.8789
tamil nadu,"nagapattinam, tamil nadu, india",paddy,10.7672313,79.8448512,1.0030999999999999,2.4663,2.2252,7.002200000000001,1.8981999999999999
tamil nadu,"namakkal, tamil nadu, india",tapioca,11.2193848,78.1678418,1.0045,2.2591,2.8032999999999997,7.3308,2.0223
tamil nadu,"perambalur, tamil nadu 621212, india",maize,11.2342104,78.8806852,1.0006,1.6488999999999998,2.4775,7.1197,1.7089999999999999
tamil nadu,"pudukkottai, tamil nadu 622003, india",paddy,10.3832867,78.800129,1.0026000000000002,1.9993,2.1001000000000003,7.0045,1.7006666666666668
tamil nadu,"ramanathapuram, tamil nadu, india",paddy,9.3639356,78.8394819,1.0021,2.1651,2.8485,6.898,2.0052333333333334
tamil nadu,"ranipet, tamil nadu, india",paddy,12.9487403,79.318978,1.0010000000000001,2.4596999999999998,1.7475,7.0914,1.7360666666666666
tamil nadu,"salem, tamil nadu, india",tapioca,11.664325,78.1460142,1.0044,1.8793,2.5452,7.1306,1.8096333333333334
tamil nadu,"sivaganga, tamil nadu 630561, india",paddy,9.8479616,78.4832344,1.0038,1.9295000000000002,2.496,6.9704999999999995,1.8097666666666665
tamil nadu,"tenkasi, tamil nadu, india",banana,8.9564008,77.3152492,1.0002,2.8698000000000006,2.834599999999999,7.0116000000000005,2.2348666666666666
tamil nadu,"thanjavur, tamil nadu, india",paddy,10.787719,79.1384288,1.0083,1.8897,2.1180000000000003,7.0165999999999995,1.672
tamil nadu,"theni, tamil nadu, india",banana,10.0079322,77.4735441,1.0062,2.2853,2.7869,7.058400000000001,2.0261333333333336
tamil nadu,"tiruchirappalli, tamil nadu, india",paddy,10.7904833,78.7046725,1.0018,2.2906,1.5848000000000002,6.704200000000001,1.6257333333333335
tamil nadu,"tirunelveli, tamil nadu, india",paddy,8.715018,77.765628,1.0016,2.5421000000000005,2.4506,7.0297,1.9981000000000002
tamil nadu,"630211, tirupattur, tamil nadu 630211, india",paddy,10.1084774,78.59731,1.0082,2.2305,2.6578,7.0825,1.9654999999999998
tamil nadu,"tiruppur, tamil nadu, india",turmeric,11.1085242,77.3410656,1.0716999999999999,2.1547,2.3192000000000004,7.063399999999999,1.8485333333333334
tamil nadu,"tiruvallur, tamil nadu 602003, india",paddy,13.1226901,79.911769,1.0031,2.447,2.2595,7.096499999999999,1.9032
tamil nadu,"tiruvannamalai, tamil nadu, india",paddy,12.2252841,79.0746957,1.0021,1.8435,2.9644999999999997,7.328399999999999,1.9367
tamil nadu,"thiruvarur, tamil nadu, india",paddy,10.7661312,79.6343691,1.0148,2.1782999999999997,1.8347,6.9951,1.675933333333333
tamil nadu,"vellore, tamil nadu, india",paddy,12.9235541,79.1330768,1.0025,1.5988,2.1546000000000003,7.183400000000001,1.5853000000000002
tamil nadu,"viluppuram, tamil nadu, india",paddy,11.9401378,79.4861449,1.0012999999999999,2.2905,2.2007999999999996,6.9901,1.8308666666666664
tamil nadu,"virudhunagar, tamil nadu, india",cotton,9.5680116,77.9624435,1.0038,1.6722,2.5622000000000003,7.2164,1.7460666666666669
telangana,"adilabad, telangana 504001, india",cotton,19.6765668,78.5320841,1.6376,2.8775,2.7404999999999995,7.0398000000000005,2.418533333333333
telangana,"bhadradri kothagudem, telangana, india",paddy,17.73309,80.7214417,1.0218,2.4548,1.6547000000000003,7.003399999999999,1.7104333333333335
telangana,"hanamkonda, telangana, india",cotton,18.0072341,79.5583921,1.5515,2.9482,2.8191,6.9972,2.4396
telangana,"hyderabad, telangana, india",urban farming: vegetables,17.406498,78.4772439,1.5038999999999998,2.5769,1.9,7.7024,1.9936
telangana,"jagtial, telangana, india",paddy,18.7894881,78.9120459,1.0406,2.9168999999999996,2.5997000000000003,7.0741,2.1857333333333333
telangana,"jangaon, telangana, india",cotton,17.7226509,79.1517868,1.0928,2.9668,2.6938,7.036899999999999,2.251133333333333
telangana,"bhupalpally, telangana 506169, india",paddy,18.4292622,79.8634855,1.825,2.945,2.25,7.0,2.34
telangana,"jogulamba gadwal, telangana, india",paddy,16.090818,77.8367282,1.6968,2.7287,1.902,7.0026,2.1091666666666664
telangana,"kamareddy, telangana 503111, india",maize,18.3204832,78.3369523,1.2639,2.7843,2.1700999999999997,7.7303,2.0727666666666664
telangana,"khammam, telangana, india",cotton,17.2472528,80.1514447,1.6138,2.6229,2.2332,7.238800000000001,2.156633333333333
telangana,"kumuram bheem asifabad, telangana, india",cotton,19.3576167,79.4703885,1.3362,2.6487999999999996,2.5103999999999997,7.0,2.165133333333333
telangana,"mahabubabad, telangana 506101, india",paddy,17.5980196,79.9916831,1.4503,2.8948999999999994,2.1965,7.0,2.180566666666666
telangana,"mahbubnagar, telangana 509001, india",groundnut,16.7488379,78.0035172,1.6905,2.7857,2.4208999999999996,7.0,2.299033333333333
telangana,"mancherial, telangana, india",cotton,18.8713826,79.4443099,1.0046000000000002,2.8251999999999997,2.6579,6.9175,2.1625666666666667
telangana,"medak, telangana 502110, india",paddy,18.0462192,78.2631756,1.0050999999999999,2.9720999999999997,2.8912,7.4204,2.2894666666666663
telangana,"medchal-malkajgiri, telangana, india",vegetables,17.5698414,78.52065,1.1072,2.9873000000000003,2.3743,7.030799999999999,2.1562666666666668
telangana,"mulugu, telangana 506343, india",paddy,18.1916156,79.9441298,1.0939,2.9669,2.3426,7.033399999999999,2.134466666666667
telangana,"nagarkurnool, telangana, india",groundnut,16.4854864,78.3172586,1.2841,2.9002,1.9109,7.14,2.0317333333333334
telangana,"nalgonda, telangana, india",paddy,17.0577054,79.2683623,1.0171000000000001,2.623,2.6496000000000004,7.0927999999999995,2.096566666666667
telangana,"narayanpet, telangana 509210, india",cotton,16.7440522,77.4954416,1.4083999999999997,2.6747999999999994,2.1833,6.340800000000001,2.088833333333333
telangana,"nirmal, telangana, india",cotton,19.0964117,78.342975,1.2908000000000002,2.9753999999999996,2.2635999999999994,7.0,2.1765999999999996
telangana,"nizamabad, telangana, india",paddy,18.6725047,78.0940867,1.0072,2.8108999999999997,2.7141,6.7858,2.1774
telangana,"peddapalli, telangana, india",cotton,18.6151461,79.3826826,1.0,3.0,2.0,7.0,2.0
telangana,"rangareddy, telangana, india",vegetables,17.1999602,78.5505481,1.0065,2.3514,2.6843,6.9792,2.0140666666666664
telangana,"sangareddy, telangana, india",maize,17.6075232,78.0798191,1.0185,2.6885999999999997,2.745,6.9182999999999995,2.1507
telangana,"siddipet, telangana, india",paddy,18.1017996,78.8519601,1.4287999999999998,2.9101000000000004,1.7099000000000002,7.0454,2.016266666666667
telangana,"suryapet, telangana, india",cotton,17.1350091,79.6287915,1.0329000000000002,2.761,2.4415999999999998,7.017800000000001,2.0785
telangana,"vikarabad, telangana 501102, india",cotton,17.3364555,77.9048268,1.0,2.9079,2.4341999999999997,7.0,2.1140333333333334
telangana,"wanaparthy, telangana 509103, india",paddy,16.3623208,78.0621475,1.2311,2.8701999999999996,2.4461,6.989199999999999,2.1824666666666666
telangana,"warangal, telangana, india",paddy,17.9692624,79.5926304,1.2372,2.9594,1.3634,7.385599999999999,1.8533333333333335
telangana,"yadadri bhuvanagiri, telangana, india",paddy,17.4532756,78.9288242,1.2372,2.9594,1.3634,7.385599999999999,1.8533333333333335
tripura,"dhalai, tripura, india",paddy,23.8466982,91.9099238,1.2094999999999998,2.7244,1.9223000000000001,5.0216,1.9520666666666668
tripura,"gomati, tripura, india",paddy,23.5166711,91.637215,1.4263,2.0117000000000003,1.9694,5.1188,1.8024666666666667
tripura,"khowai, tripura, india",paddy,24.0688744,91.6037913,1.4512,2.1895,1.9691000000000003,5.8414,1.8699333333333332
tripura,"north tripura, tripura, india",paddy,24.0797139,92.2630393,1.8652000000000002,2.0134,1.9643000000000002,5.24,1.9476333333333333
tripura,"sepahijala, tripura, india",paddy,23.6148176,91.3276422,1.3994,2.2203999999999997,1.929,5.8877999999999995,1.8496
tripura,"south tripura, tripura, india",paddy,23.2317493,91.5596117,1.7148999999999999,2.3529999999999998,1.9429999999999998,5.9274000000000004,2.003633333333333
tripura,"unakoti, tripura, india",rice,24.1780881,92.027319,1.9920000000000002,2.0187,1.984,5.2774,1.9982333333333333
tripura,"west tripura, tripura, india",paddy,23.899682,91.4048249,1.5814999999999997,2.1754,1.954,5.8498,1.9036333333333333
uttar pradesh,"agra, uttar pradesh, india",wheat,27.1766701,78.0080745,1.0023,2.0944,2.4570999999999996,7.003399999999999,1.8512666666666664
uttar pradesh,"aligarh, uttar pradesh, india",wheat,27.8973944,78.0880129,1.192,1.3230000000000002,1.1627,7.7362,1.2259
uttar pradesh,"ambedkar nagar, uttar pradesh, india",rice,26.3745075,82.6915429,1.0055999999999998,1.6193,1.9225999999999999,7.115799999999999,1.5158333333333331
uttar pradesh,"amethi, uttar pradesh 227405, india",wheat,26.1540538,81.814238,1.0262,1.6710999999999998,1.8090000000000002,7.067,1.5020999999999998
uttar pradesh,"amroha, uttar pradesh 244221, india",sugarcane,28.9051778,78.467318,1.0044,1.9152,1.9605999999999997,6.9996,1.6267333333333331
uttar pradesh,"auraiya, uttar pradesh 206122, india",wheat,26.4605377,79.5112528,1.0128,2.2531,1.9998000000000002,7.001899999999999,1.7552333333333332
uttar pradesh,"ayodhya, uttar pradesh, india",paddy,26.7921605,82.1997954,1.0104,1.5295999999999998,1.7863999999999998,7.0,1.4421333333333333
uttar pradesh,"azamgarh, uttar pradesh, india",rice,26.0739138,83.1859495,1.0007,2.0669999999999997,1.9862,7.0291999999999994,1.6846333333333332
uttar pradesh,"baghpat, uttar pradesh 250609, india",sugarcane,28.9427827,77.227607,1.0523,1.82,1.9521000000000002,7.002700000000001,1.6081333333333336
uttar pradesh,"bahraich, uttar pradesh, india",paddy,27.5705152,81.5976672,1.0002,1.9232000000000002,1.9239999999999997,7.0024,1.6158
uttar pradesh,"ballia, uttar pradesh, india",rice,25.8307174,84.1857115,1.0658,2.3851999999999998,1.9337,7.0006,1.7949
uttar pradesh,"balrampur, uttar pradesh 271201, india",paddy,27.4307473,82.1805203,1.0041,1.9391999999999998,1.7844,7.0025,1.5758999999999999
uttar pradesh,"banda, uttar pradesh 210001, india",groundnut,25.4762689,80.3395498,1.0032,2.39,1.9707999999999999,7.0006,1.788
uttar pradesh,"barabanki, uttar pradesh, india",paddy,26.9268042,81.1833809,1.0058,1.8494,1.885,7.0116,1.5800666666666665
uttar pradesh,"bareilly, uttar pradesh, india",wheat,28.3670355,79.4304381,1.0051999999999999,1.5749000000000002,1.9184999999999999,7.0009999999999994,1.4995333333333332
uttar pradesh,"basti, uttar pradesh, india",paddy,26.8139844,82.7629893,1.0012999999999999,2.2749,1.8165,7.0074000000000005,1.697566666666667
uttar pradesh,"bhadohi nagar palika, uttar pradesh, india",paddy,25.3804531,82.5676981,1.0,1.4897999999999998,2.1667,7.0,1.5521666666666665
uttar pradesh,"bijnor, uttar pradesh 246701, india",sugarcane,29.3731673,78.1350904,1.0054,1.8037999999999996,1.9757,6.9996,1.5949666666666664
uttar pradesh,"budaun, uttar pradesh 243601, india",wheat,28.0311101,79.1271229,1.0004,1.7338,1.7419000000000002,7.000799999999999,1.4920333333333335
uttar pradesh,"bulandshahr, uttar pradesh 203001, india",sugarcane,28.406963,77.8498292,1.0704,2.0961000000000003,1.9957000000000003,7.001899999999999,1.7207333333333334
uttar pradesh,"chandauli, uttar pradesh 232104, india",paddy,25.2604696,83.264538,1.0028,1.2523,1.942,7.0,1.3990333333333334
madhya pradesh,"chitrakoot, madhya pradesh, india",bajra,25.1788154,80.8654534,1.0016,1.7872,2.4092000000000002,7.0051999999999985,1.7326666666666668
uttar pradesh,"deoria, uttar pradesh, india",paddy,26.5024286,83.7791283,1.0058,1.7475,1.9354,7.0023,1.5629000000000002
uttar pradesh,"etah, uttar pradesh, india",bajra,27.5625106,78.6654148,1.0749000000000002,2.0135,2.0546999999999995,7.0005999999999995,1.7143666666666666
uttar pradesh,"etawah, uttar pradesh, india",wheat,26.7829103,79.027659,1.3855000000000002,2.2419,2.0613,7.002000000000001,1.8962333333333332
uttar pradesh,"farrukhabad, uttar pradesh, india",potato,27.3825853,79.5840195,1.0008,1.8160000000000003,2.0364,6.9993,1.6177333333333335
uttar pradesh,"fatehpur, uttar pradesh, india",rice,25.9209503,80.7996035,1.0,2.4303,2.0023,7.0014,1.8108666666666666
uttar pradesh,"firozabad, uttar pradesh, india",wheat,27.1591961,78.3957331,1.0044,2.1607,2.1082,7.001600000000001,1.7577666666666667
uttar pradesh,"sector 17a, gautam buddha nagar, uttar pradesh 203201, india",wheat,28.358983,77.550762,1.1702,1.7490999999999997,2.0453,7.0012,1.6548666666666667
uttar pradesh,"ghaziabad, uttar pradesh, india",sugarcane,28.6691565,77.4537578,1.3205,1.7932,1.9584000000000001,7.0,1.6906999999999999
uttar pradesh,"ghazipur, uttar pradesh 233001, india",rice,25.5877901,83.5783078,1.0014,1.6348000000000003,1.9415,7.0169999999999995,1.5259
uttar pradesh,"gonda, uttar pradesh, india",paddy,27.1339874,81.9618979,1.0004,1.8553,1.6978000000000002,7.000899999999999,1.5178333333333331
uttar pradesh,"gorakhpur, uttar pradesh, india",paddy,26.7605545,83.3731675,1.0063,1.6194,1.8476,7.0026,1.4911
uttar pradesh,"hamirpur, uttar pradesh 210301, india",gram,25.9548043,80.1526271,1.0006,2.1572000000000005,1.9711999999999998,7.0028,1.709666666666667
uttar pradesh,"hapur, uttar pradesh, india",sugarcane,28.7305798,77.7758825,1.1676,1.9720999999999997,2.0293,7.0086,1.7229999999999999
uttar pradesh,"hardoi, uttar pradesh 241001, india",wheat,27.3965071,80.1250479,1.0009000000000001,2.6908999999999996,1.9653,7.0,1.8857
uttar pradesh,"hathras, uttar pradesh 204101, india",potato,27.5980718,78.0492265,1.0023,1.9662,2.1,7.0044,1.6895
uttar pradesh,"jalaun, uttar pradesh 285123, india",gram,26.1458649,79.3296565,1.0024,1.9965999999999997,2.9871,7.0,1.9953666666666665
uttar pradesh,"jaunpur, uttar pradesh, india",rice,25.7464145,82.6837033,1.0051999999999999,1.7026,1.9597,7.024799999999999,1.5558333333333332
uttar pradesh,"jhansi, uttar pradesh, india",wheat,25.4487699,78.5697526,1.0022,1.5465,2.6180000000000008,7.0005999999999995,1.7222333333333335
uttar pradesh,"kannauj, uttar pradesh, india",potato,27.0514156,79.9136731,1.0007000000000001,1.9908000000000001,1.9429000000000003,7.0042,1.6448
uttar pradesh,"kanpur dehat, uttar pradesh, india",wheat,26.526707,79.8296743,1.0019,1.8436000000000001,1.9897999999999998,7.002399999999999,1.6117666666666668
uttar pradesh,"kanpur nagar, uttar pradesh, india",rice,26.4148245,80.2321313,1.0010000000000001,1.9289999999999998,1.9937,7.0004,1.6412333333333333
uttar pradesh,"kasganj, uttar pradesh 207123, india",wheat,27.808529,78.6461098,1.0332000000000001,1.8766999999999998,1.9872999999999998,7.011699999999999,1.6323999999999999
uttar pradesh,"kaushambi, uttar pradesh 212214, india",paddy,25.361054,81.4031707,1.0001,1.9616,2.5570000000000004,7.0,1.839566666666667
uttar pradesh,"kushinagar, uttar pradesh, india",paddy,26.7398787,83.8869698,1.0070000000000001,1.9558000000000002,1.8793,7.028199999999999,1.6140333333333334
uttar pradesh,"lakhimpur, uttar pradesh, india",sugarcane,27.9462395,80.7787163,1.1020999999999999,1.6838,2.6542000000000003,7.0044,1.8133666666666668
uttar pradesh,"lalitpur, uttar pradesh 284403, india",wheat,24.6911707,78.4138183,1.0887,1.7723,2.5258000000000003,7.0016,1.7956
uttar pradesh,"lucknow, uttar pradesh, india",wheat,26.8466937,80.946166,1.0056,1.5267000000000002,1.8758,6.999799999999999,1.4693666666666667
uttar pradesh,"maharajganj, uttar pradesh 273303, india",paddy,27.1446035,83.5621737,1.0,2.2817000000000003,2.154,7.0,1.8119000000000003
uttar pradesh,"mahoba, uttar pradesh 210427, india",groundnut,25.2945119,79.8858951,1.0055,2.281,2.4378999999999995,7.0346,1.908133333333333
uttar pradesh,"mainpuri, uttar pradesh 205001, india",wheat,27.2281937,79.0251659,1.0022,2.2946999999999997,2.0258000000000003,7.389200000000001,1.7742333333333333
uttar pradesh,"mathura, uttar pradesh, india",wheat,27.4924134,77.673673,1.0025,2.2437,1.9934,7.0024,1.7465333333333335
uttar pradesh,"mau, uttar pradesh 275101, india",rice,25.9462838,83.5610119,1.2034,1.8034000000000001,2.0352,7.0016,1.6806666666666665
uttar pradesh,"meerut, uttar pradesh, india",sugarcane,28.9844618,77.7064137,1.0002,1.7298,2.2236999999999996,7.000299999999999,1.651233333333333
uttar pradesh,"mirzapur, uttar pradesh, india",rice,25.1336987,82.5644344,1.004,2.2218999999999998,1.8511000000000002,7.000400000000001,1.6923333333333332
uttar pradesh,"moradabad, uttar pradesh, india",rice,28.8386481,78.7733286,1.0048000000000001,2.2985,1.6125999999999998,7.0016,1.6386333333333332
uttar pradesh,"muzaffarnagar, uttar pradesh, india",sugarcane,29.4726817,77.7085091,1.0,1.8294,1.8352999999999997,7.0,1.5549
uttar pradesh,"pilibhit, uttar pradesh 262001, india",paddy,28.62494,79.8075272,1.0047,2.2906,1.9826,7.0036000000000005,1.7592999999999999
uttar pradesh,"pratapgarh, uttar pradesh, india",aonla (gooseberry),25.8973038,81.9452981,1.0022,2.2528,2.67,7.017900000000001,1.9749999999999999
uttar pradesh,"prayagraj, uttar pradesh, india",wheat,25.468338,81.8546019,1.0073999999999999,1.3277999999999996,1.9526,7.0262,1.4292666666666662
uttar pradesh,"raebareli, uttar pradesh, india",wheat,26.2144806,81.2528139,1.0002000000000002,2.1528,1.9087,6.9996,1.6872333333333334
uttar pradesh,"rampur, uttar pradesh 244901, india",paddy,28.798299,79.0220287,1.0024,1.9983000000000002,1.8115999999999999,6.9998000000000005,1.6041
uttar pradesh,"saharanpur, uttar pradesh, india",sugarcane,29.9680035,77.5552066,1.0023,1.9254999999999998,2.0082999999999998,7.000599999999999,1.6453666666666666
uttar pradesh,"sambhal, uttar pradesh, india",sugarcane,28.5903614,78.5717631,1.0022,2.0846,1.9033000000000002,6.9993,1.6633666666666667
uttar pradesh,"sant kabir nagar, uttar pradesh, india",paddy,26.7671755,83.0361376,1.0007,1.7169999999999999,1.9756,7.0001999999999995,1.5644333333333333
uttar pradesh,"shahjahanpur, uttar pradesh, india",wheat,27.8753399,79.9147268,1.0008,2.059,1.7266,7.001600000000001,1.5954666666666668
uttar pradesh,"shamli, uttar pradesh 247776, india",sugarcane,29.4501986,77.3172046,1.0026000000000002,1.8048,1.8035999999999999,7.0,1.5370000000000001
uttar pradesh,"shravasti, uttar pradesh 271805, india",paddy,27.5035427,82.036461,1.0015,1.7273000000000003,1.9997999999999998,7.000299999999999,1.5762
uttar pradesh,"naugarh, uttar pradesh 272203, india",paddy,27.2990659,83.0927827,1.0018,1.7475999999999998,1.9894,7.039799999999999,1.5796
uttar pradesh,"sitapur, uttar pradesh 261001, india",paddy,27.5680156,80.6789519,1.0004,1.9735000000000003,2.0140000000000002,6.999799999999999,1.6626333333333336
uttar pradesh,"robertsganj, uttar pradesh 231216, india",paddy,24.6850005,83.0683519,1.0103,2.0503,1.9065,6.9994000000000005,1.6557000000000002
uttar pradesh,"sultanpur, uttar pradesh, india",paddy,26.2585371,82.0659858,1.0,1.9857,2.6723999999999997,7.0013,1.886033333333333
uttar pradesh,"unnao, uttar pradesh, india",wheat,26.5393449,80.4878195,1.0009000000000001,1.6741000000000001,1.9963000000000002,7.085799999999999,1.5571000000000002
uttar pradesh,"varanasi, uttar pradesh, india",paddy,25.3176452,82.9739144,1.0009000000000001,1.6741000000000001,1.9963000000000002,7.085799999999999,1.5571000000000002
uttarakhand,"almora, uttarakhand, india",mandua (finger millet),29.5892407,79.646666,1.3237,2.0593,2.0624000000000002,6.987200000000001,1.8151333333333335
uttarakhand,"bageshwar, uttarakhand 263642, india",mandua,29.8403606,79.769426,1.0239,2.0037000000000003,2.3106,6.9918,1.7794
uttarakhand,"chamoli, uttarakhand 246443, india",mandua,30.4554245,79.8744836,1.0269,2.593,2.1366,6.999300000000001,1.9188333333333334
uttarakhand,"champawat, uttarakhand 262523, india",wheat,29.3360974,80.0910275,1.0513000000000001,2.487,2.4408,6.8252999999999995,1.9930333333333337
uttarakhand,"dehradun, uttarakhand, india",basmati rice,30.3164945,78.0321918,1.2205,2.5043,1.7722,6.996199999999999,1.8323333333333334
uttarakhand,"haridwar, uttarakhand, india",sugarcane,29.9456906,78.1642478,1.0192,2.2001000000000004,2.1081,7.001200000000001,1.7758000000000003
uttarakhand,"nainital, uttarakhand, india",wheat,29.3924139,79.4533773,1.0,2.1083000000000003,2.2449000000000003,6.9239999999999995,1.7844000000000004
uttarakhand,"pauri garhwal, uttarakhand, india",mandua,30.146574,78.7766948,1.1115000000000002,1.7856,1.6612,6.936,1.5194333333333334
uttarakhand,"pithoragarh, uttarakhand, india",wheat,29.5828604,80.2181884,1.013,1.6841,1.9918,6.579699999999999,1.5629666666666668
uttarakhand,"rudraprayag, uttarakhand 246171, india",mandua,30.2850407,78.982194,1.0,2.1102999999999996,2.5078,6.9594,1.8727
uttarakhand,"tehri, uttarakhand, india",wheat,30.3825777,78.4737736,0.0,2.5358,2.3742,6.9994,1.6366666666666667
uttarakhand,"udham singh nagar, uttarakhand, india",basmati rice,28.9609653,79.5153773,1.0448,2.4002,1.7935000000000003,6.998599999999999,1.7461666666666666
uttarakhand,"uttarkashi, uttarakhand, india",wheat,30.7305713,78.4436728,1.0,1.9252,1.8668,6.9736,1.5973333333333333
west bengal,"alipurduar, west bengal, india",paddy,26.4922164,89.5319627,1.5722,2.9202,2.2697999999999996,6.935200000000001,2.2540666666666667
west bengal,"bankura, west bengal, india",paddy,23.2312686,87.0783875,1.7585000000000002,2.6278999999999995,2.398,6.6781999999999995,2.2614666666666667
west bengal,"birbhum, west bengal 731238, india",paddy,24.3587525,87.8402888,1.3575,2.8581,1.2692999999999999,5.8228,1.8282999999999998
west bengal,"cooch behar, west bengal, india",paddy,26.3452397,89.4482079,1.9143999999999999,2.4261,2.2422999999999997,6.2296000000000005,2.194266666666666
west bengal,"dakshin dinajpur, west bengal, india",paddy,25.3715308,88.556531,1.5112999999999999,2.7091999999999996,2.08,6.521700000000001,2.1001666666666665
west bengal,"darjeeling, west bengal, india",tea,27.0416208,88.2664124,1.4293,2.9226,1.5793000000000001,5.8578,1.9770666666666667
west bengal,"chinsurah, west bengal, india",paddy,22.9011588,88.3898552,1.8918000000000001,1.8609,2.1596,5.7268,1.9707666666666668
west bengal,"howrah, west bengal, india",paddy,22.5957689,88.2636394,1.69,2.9839,2.6327999999999996,6.4412,2.4355666666666664
west bengal,"jalpaiguri, west bengal, india",tea,26.5214579,88.7195567,1.9387,2.9991,2.7568,6.5466,2.5648666666666666
west bengal,"jhargram, west bengal, india",paddy,22.4549909,86.9974385,1.8947999999999998,1.4802000000000002,1.9246,5.365,1.7665333333333333
west bengal,"kalimpong, west bengal, india",ginger,27.0593562,88.4694535,2.3236999999999997,2.9684,2.3222,5.7490000000000006,2.5381
west bengal,"kolkata, west bengal, india",urban area; limited agriculture (terrace farming: vegetables,22.5743545,88.3628734,1.9964000000000002,2.9952000000000005,1.9988000000000001,5.990799999999999,2.330133333333334
west bengal,"malda, west bengal 732101, india",mango,25.0108408,88.1410967,1.0831,2.7812,1.0031,6.833799999999999,1.6224666666666667
west bengal,"murshidabad, west bengal 742149, india",paddy,24.1759039,88.2801785,1.4331,2.8663,2.0302000000000002,6.939299999999999,2.109866666666667
west bengal,"nadia, west bengal, india",paddy,23.4709656,88.556531,1.0194,2.5583,2.3396,6.9961,1.9724333333333333
west bengal,"north 24 parganas, west bengal, india",paddy,22.710047,88.7108964,1.5722,2.9202,2.2697999999999996,6.935200000000001,2.2540666666666667
west bengal,"paschim bardhaman, west bengal, india",paddy,23.6901657,87.1821709,1.1421000000000001,2.0694999999999997,1.8030000000000002,6.680400000000001,1.6715333333333333
west bengal,"purba bardhaman, west bengal, india",paddy (aman,23.2735522,87.9334803,1.3049000000000002,2.8522000000000003,2.2107,6.560600000000001,2.1226000000000003
west bengal,"purulia, west bengal, india",paddy,23.3322026,86.3616405,1.4561000000000002,2.9503999999999997,2.4873000000000003,6.9963999999999995,2.2979333333333334
west bengal,"south 24 parganas, west bengal, india",paddy,22.1366735,88.556531,1.7585000000000002,2.6278999999999995,2.398,6.6781999999999995,2.2614666666666667
andaman and nicobar islands,"nicobar, andaman and nicobar islands, india",coconut,7.1205395,93.7841503,1.0706,1.0617999999999999,1.1029,7.0,1.0784333333333331
andaman and nicobar islands,"north and middle andaman, andaman and nicobar islands, india",paddy,12.5601347,92.8976254,1.2060000000000002,1.1211,1.2192,6.6274,1.1821000000000002
andaman and nicobar islands,"south andaman, andaman and nicobar islands, india",paddy,10.7448873,92.4999918,1.1378,1.0810000000000002,1.2059,6.789799999999999,1.1415666666666666
jammu and kashmir,anantnag,apple,33.7311255,75.1487007,2.183,2.2310999999999996,2.1834000000000002,6.9936,2.1991666666666667
jammu and kashmir,plan bandipora 193502,apple,34.4188383,74.6356515,1.4038,2.6138,2.3349999999999995,7.160000000000001,2.117533333333333
jammu and kashmir,baramulla 193101,apple,34.1990498,74.3499496,1.7422,2.6460999999999997,2.2661000000000002,6.9726,2.218133333333333
jammu and kashmir,budgam,apple,33.9348549,74.6400432,1.7273000000000003,2.6807,2.1456,7.000300000000001,2.1845333333333334
jammu and kashmir,doda,maize,33.1457497,75.5480491,1.9166999999999998,1.9528999999999999,2.0547999999999997,7.0034,1.9747999999999999
jammu and kashmir,ganderbal 191201,apple,34.2164955,74.7719431,2.2868,2.5569,2.5936000000000003,6.974000000000001,2.4791000000000003
jammu and kashmir,jammu,wheat,32.7266016,74.8570259,1.5976,2.012,2.106,7.011,1.9052
jammu and kashmir,kathua,wheat,32.3863082,75.5173465,2.1300000000000003,2.7469,1.9786,6.970999999999999,2.285166666666667
jammu and kashmir,kishtwar 182204,maize,33.3115906,75.7662195,1.9902000000000002,2.049,2.0380000000000003,7.0,2.0257333333333336
jammu and kashmir,kulgam 192231,apple,33.6449908,75.018031,1.3847999999999998,2.858,1.9109,6.8398,2.0512333333333332
jammu and kashmir,kupwara 193222,maize,34.5261786,74.2546136,1.9767000000000001,2.9513,2.0094,6.9382,2.312466666666667
jammu and kashmir,poonch 185101,maize,33.7670014,74.0924041,2.7602999999999995,2.6443,2.8478999999999997,7.004,2.750833333333333
jammu and kashmir,pulwama 192301,apple,33.8716117,74.8945692,1.9663,2.4437999999999995,2.2813,6.9759,2.2304666666666666
jammu and kashmir,rajouri,maize,33.3716143,74.315191,2.7015,2.0014,2.0457,7.001,2.2495333333333334
jammu and kashmir,ramban 182144,maize,33.2463875,75.1938909,2.3740000000000006,1.9251999999999998,2.1087000000000002,7.098800000000001,2.135966666666667
jammu and kashmir,reasi,maize,33.2589654,74.8273184,2.8701,2.0279,1.76,6.996100000000001,2.219333333333333
jammu and kashmir,samba 184121,wheat,32.5530092,75.1107527,1.3681999999999999,1.996,2.0010000000000003,7.0,1.7884
jammu and kashmir,shopian 192303,apple (high yield),33.7170033,74.8360918,1.5878999999999999,2.0537,1.9714999999999998,6.7463999999999995,1.871033333333333
jammu and kashmir,srinagar,apple,34.0836708,74.7972825,2.0741,2.8451999999999993,2.5669,7.1048,2.4954
jammu and kashmir,udhampur 182101,maize,32.9159847,75.1416173,2.2599,2.002,1.8207,7.0,2.027533333333333
ladakh,kargil 194103,barley,34.5538522,76.1348944,0.0,1.7143000000000002,1.8571999999999997,7.285799999999999,1.1905
ladakh,leh,barley,34.1525864,77.5770535,0.0,2.0609,2.4656000000000002,7.091600000000001,1.5088333333333335
puducherry,"karaikal, puducherry, india",paddy,10.9254398,79.8380056,1.0,2.492,2.0879999999999996,6.9559999999999995,1.86
puducherry,"puducherry, india",paddy,11.9415915,79.8083133,1.0,2.6734999999999998,1.9907,7.0764,1.8880666666666663
